-- MySQL dump 10.13  Distrib 8.0.43, for Win64 (x86_64)
--
-- Host: localhost    Database: testdb
-- ------------------------------------------------------
-- Server version	8.0.43

/*!40101 SET @OLD_CHARACTER_SET_CLIENT=@@CHARACTER_SET_CLIENT */;
/*!40101 SET @OLD_CHARACTER_SET_RESULTS=@@CHARACTER_SET_RESULTS */;
/*!40101 SET @OLD_COLLATION_CONNECTION=@@COLLATION_CONNECTION */;
/*!50503 SET NAMES utf8 */;
/*!40103 SET @OLD_TIME_ZONE=@@TIME_ZONE */;
/*!40103 SET TIME_ZONE='+00:00' */;
/*!40014 SET @OLD_UNIQUE_CHECKS=@@UNIQUE_CHECKS, UNIQUE_CHECKS=0 */;
/*!40014 SET @OLD_FOREIGN_KEY_CHECKS=@@FOREIGN_KEY_CHECKS, FOREIGN_KEY_CHECKS=0 */;
/*!40101 SET @OLD_SQL_MODE=@@SQL_MODE, SQL_MODE='NO_AUTO_VALUE_ON_ZERO' */;
/*!40111 SET @OLD_SQL_NOTES=@@SQL_NOTES, SQL_NOTES=0 */;

--
-- Table structure for table `enum_properties`
--

DROP TABLE IF EXISTS `enum_properties`;
/*!40101 SET @saved_cs_client     = @@character_set_client */;
/*!50503 SET character_set_client = utf8mb4 */;
CREATE TABLE `enum_properties` (
  `id` int NOT NULL AUTO_INCREMENT,
  `properties_id` int DEFAULT NULL,
  `enum_value` varchar(50) DEFAULT NULL,
  PRIMARY KEY (`id`),
  KEY `properties_id` (`properties_id`),
  CONSTRAINT `enum_properties_ibfk_1` FOREIGN KEY (`properties_id`) REFERENCES `properties` (`id`)
) ENGINE=InnoDB AUTO_INCREMENT=205 DEFAULT CHARSET=utf8mb4 COLLATE=utf8mb4_0900_ai_ci;
/*!40101 SET character_set_client = @saved_cs_client */;

--
-- Dumping data for table `enum_properties`
--

LOCK TABLES `enum_properties` WRITE;
/*!40000 ALTER TABLE `enum_properties` DISABLE KEYS */;
INSERT INTO `enum_properties` VALUES (1,9,'trắng'),(2,9,'tím'),(3,10,'xanh lục'),(4,10,'tím'),(5,11,'vàng sáng'),(6,11,'vàng'),(7,11,'xanh vàng'),(8,11,'xanh lục'),(9,11,'nâu đỏ'),(10,11,'nâu'),(11,11,'đen'),(12,11,'hạt đốm'),(13,12,'không màu'),(14,12,'màu da bò nhạt'),(15,12,'màu da bò'),(16,12,'nâu'),(17,12,'nâu đậm'),(18,12,'xanh'),(19,12,'xám đậm'),(20,12,'đen'),(21,13,'hình cầu'),(22,13,'tựa cầu'),(23,13,'elip'),(24,13,'elip tròn'),(25,13,'elip dài'),(26,14,'màu rám nắng'),(27,14,'màu rám nắng đậm'),(28,14,'nâu'),(29,14,'nâu hơi đậm'),(30,14,'nâu đậm'),(31,14,'xám đậm'),(32,14,'đen'),(33,15,'xám'),(34,15,'nâu nhạt'),(35,15,'nâu'),(36,18,'Xanh nhạt'),(37,18,'Xanh'),(38,18,'Xanh đậm'),(39,18,'Ðỉnh tím'),(40,18,'Mép tím'),(41,18,'Vết tím'),(42,18,'Tím'),(43,19,'Xanh'),(44,19,'Sọc tím'),(45,19,'Tím nhạt'),(46,19,'Tím'),(47,20,'Thẳng'),(48,20,'Ngang'),(49,20,'Rũ'),(50,21,'Thẳng'),(51,21,'Trung bình'),(52,21,'Ngang'),(53,21,'Rũ'),(54,22,'Không có'),(55,22,'5-19 mm: ngắn'),(56,22,'20-34 mm: trung bình'),(57,22,'35-50 mm: dài'),(58,23,'Trắng'),(59,23,'Sọc tím'),(60,23,'Tím'),(61,24,'Nhọn'),(62,24,'Ðỉnh xẻ đôi'),(63,24,'Tròn'),(64,25,'Xanh nhạt'),(65,25,'Xanh'),(66,25,'Tím'),(67,26,'Trắng'),(68,26,'Xanh nhạt'),(69,26,'Tím'),(70,27,'Thẳng (<30°)'),(71,27,'Trung bình (30-45°)'),(72,27,'Mở (45-60°)'),(73,27,'Xòe (>60°)'),(74,27,'Ngã'),(75,28,'Xanh'),(76,28,'Vàng nhạt'),(77,28,'Sọc tím'),(78,28,'Tím'),(79,29,'Cứng (không ngã)'),(80,29,'Khá cứng'),(81,29,'Trung bình (đa số các cây hơi ngã)'),(82,29,'Yếu (đa số các cây gần như nằm)'),(83,29,'Rất yếu (tất cả các cây đều sập)'),(84,30,'Túm'),(85,30,'Trung bình'),(86,30,'Mở'),(87,31,'Không phân nhánh'),(88,31,'Phân nhánh thưa'),(89,31,'Phân nhánh dầy'),(90,31,'Chụm lại'),(91,32,'Thoát (trổ) tốt'),(92,32,'Thoát (trổ) trung bình'),(93,32,'Vừa thoát'),(94,32,'Thoát một phần'),(95,32,'Kín (không thoát)'),(96,33,'Thẳng'),(97,33,'Rũ'),(98,34,'Rất thấp (ít hơn 1%)'),(99,34,'Thấp (1 - 5%)'),(100,34,'Trung bình (6 - 25%)'),(101,34,'Khá (25 - 50%)'),(102,34,'Cao (hơn 50%)'),(103,35,'Khó'),(104,35,'Trung bình'),(105,35,'Dễ'),(106,36,'Không râu'),(107,36,'Râu ngắn và một phần'),(108,36,'Râu ngắn và đầy đủ'),(109,36,'Râu dài và đầy đủ'),(110,37,'Trấu'),(111,37,'Vàng'),(112,37,'Nâu'),(113,37,'Ðỏ'),(114,37,'Tím'),(115,37,'Ðen'),(116,38,'Trắng'),(117,38,'Trấu'),(118,38,'Nâu'),(119,38,'Ðỏ'),(120,38,'Ðỉnh đỏ'),(121,38,'Tím'),(122,38,'Ðỉnh tím'),(123,39,'Trắng'),(124,39,'Xanh nhạt'),(125,39,'Vàng'),(126,39,'Tím nhạt'),(127,39,'Tím'),(128,39,'Tím đậm'),(129,40,'Không lông (nhẵn)'),(130,40,'Lông trên đường nhô của trấu'),(131,40,'Lông cao hơn phần lồi'),(132,40,'Lông ngắn'),(133,40,'Lông dài'),(134,40,'Ðiểm tím trên nền trấu'),(135,40,'Gân tím trên nền trấu'),(136,40,'Tím'),(137,40,'Ðen'),(138,40,'Trắng'),(139,41,'Không lông (nhẵn)'),(140,41,'Lông trên đường nhô của trấu'),(141,41,'Lông cao hơn phần lồi'),(142,41,'Lông ngắn'),(143,41,'Lông dài'),(144,42,'Trắng'),(145,42,'Trấu'),(146,42,'Vàng'),(147,42,'Ðỏ'),(148,42,'Tím'),(149,43,'Ngắn (không dài hơn 1.5 mm)'),(150,43,'Trung bình (1.6 - 2.5 mm)'),(151,43,'Dài (dài hơn 2.5 mm nhưng không dài hơn trấu)'),(152,43,'Rất dài (bằng hoặc dài hơn trấu)'),(153,43,'Không đối xứng'),(154,44,'Rất cao (>90%)'),(155,44,'Thụ phấn tốt (75 - 89%)'),(156,44,'Thụ một phần (50 - 74%)'),(157,44,'Thấp (<50%)'),(158,44,'Hoàn toàn không (0%)'),(159,45,'Muộn và chậm'),(160,45,'Trung bình'),(161,45,'Sớm và nhanh'),(162,46,'Trắng'),(163,46,'Nâu nhạt'),(164,46,'Ðốm nâu'),(165,46,'Nâu'),(166,46,'Ðỏ'),(167,46,'Tím không ổn định'),(168,46,'Tím'),(169,47,'Không dính (gạo)'),(170,47,'Dính (nếp)'),(171,47,'Trộn lẫn'),(172,48,'Không thơm'),(173,48,'Thơm nhẹ'),(174,48,'Thơm'),(175,49,'Không bạc bụng'),(176,49,'Bạc bụng thấp (<10%)'),(177,49,'Bạc bụng trung bình (11 - 20%)'),(178,49,'Rất bạc bụng (>20%)'),(179,50,'Dài (trên 3.0)'),(180,50,'Trung bình (2.1 - 3.0)'),(181,50,'Hơi tròn (1.1 - 2.0)'),(182,50,'Tròn (<1.1)'),(183,53,'Sâu (<1m)'),(184,53,'Nước nổi (>1m)'),(185,53,'Khô hạn'),(186,53,'Cao nguyên'),(187,54,'Kháng'),(188,54,'Hơi kháng'),(189,54,'Hơi nhiễm'),(190,54,'Nhiễm'),(191,54,'Rất nhiễm'),(192,55,'Kháng'),(193,55,'Hơi kháng'),(194,55,'Hơi nhiễm'),(195,55,'Nhiễm'),(196,55,'Rất nhiễm'),(197,59,'Không lông (nhẵn)'),(198,59,'Trung bình'),(199,59,'Lông nhiều'),(200,60,'Indica'),(201,60,'Japonica'),(202,60,'Javanica'),(203,60,'Giống lai'),(204,60,'Loài hoang dại');
/*!40000 ALTER TABLE `enum_properties` ENABLE KEYS */;
UNLOCK TABLES;

--
-- Table structure for table `groups`
--

DROP TABLE IF EXISTS `groups`;
/*!40101 SET @saved_cs_client     = @@character_set_client */;
/*!50503 SET character_set_client = utf8mb4 */;
CREATE TABLE `groups` (
  `id` int NOT NULL AUTO_INCREMENT,
  `name` varchar(100) NOT NULL,
  PRIMARY KEY (`id`)
) ENGINE=InnoDB AUTO_INCREMENT=10 DEFAULT CHARSET=utf8mb4 COLLATE=utf8mb4_0900_ai_ci;
/*!40101 SET character_set_client = @saved_cs_client */;

--
-- Dumping data for table `groups`
--

LOCK TABLES `groups` WRITE;
/*!40000 ALTER TABLE `groups` DISABLE KEYS */;
INSERT INTO `groups` VALUES (1,'Ngũ cốc'),(2,'Rau và dưa'),(3,'Cây ăn quả, hạt'),(4,'Cây dầu'),(5,'Cây củ/rễ giàu tinh bột'),(6,'Cây đồ uống, gia vị'),(7,'Cây họ đậu'),(8,'Cây lấy đường'),(9,'Cây trồng khác');
/*!40000 ALTER TABLE `groups` ENABLE KEYS */;
UNLOCK TABLES;

--
-- Table structure for table `images`
--

DROP TABLE IF EXISTS `images`;
/*!40101 SET @saved_cs_client     = @@character_set_client */;
/*!50503 SET character_set_client = utf8mb4 */;
CREATE TABLE `images` (
  `id` int NOT NULL AUTO_INCREMENT,
  `url` varchar(500) DEFAULT NULL,
  `name` varchar(50) DEFAULT NULL,
  `is_representative` tinyint(1) DEFAULT NULL,
  `species_id` int DEFAULT NULL,
  PRIMARY KEY (`id`),
  KEY `species_id` (`species_id`),
  CONSTRAINT `images_ibfk_1` FOREIGN KEY (`species_id`) REFERENCES `species` (`id`)
) ENGINE=InnoDB AUTO_INCREMENT=151 DEFAULT CHARSET=utf8mb4 COLLATE=utf8mb4_0900_ai_ci;
/*!40101 SET character_set_client = @saved_cs_client */;

--
-- Dumping data for table `images`
--

LOCK TABLES `images` WRITE;
/*!40000 ALTER TABLE `images` DISABLE KEYS */;
INSERT INTO `images` VALUES (1,'https://www.koppert.eg/content/_processed_/3/0/csm_Soyabean_cdd58813c4.jpg','Iwahime',1,1),(2,'https://www.koppert.eg/content/_processed_/3/0/csm_Soyabean_cdd58813c4.jpg','Yoshihime',1,2),(3,'https://www.koppert.eg/content/_processed_/3/0/csm_Soyabean_cdd58813c4.jpg','Takihime',1,3),(4,'https://www.koppert.eg/content/_processed_/3/0/csm_Soyabean_cdd58813c4.jpg','Wase edamame',1,4),(5,'https://www.koppert.eg/content/_processed_/3/0/csm_Soyabean_cdd58813c4.jpg','Kurobeei',1,5),(6,'https://www.koppert.eg/content/_processed_/3/0/csm_Soyabean_cdd58813c4.jpg','Wase edamame',1,6),(7,'https://www.koppert.eg/content/_processed_/3/0/csm_Soyabean_cdd58813c4.jpg','Fusanari chamame',1,7),(8,'https://www.koppert.eg/content/_processed_/3/0/csm_Soyabean_cdd58813c4.jpg','Chuse edamame',1,8),(9,'https://www.koppert.eg/content/_processed_/3/0/csm_Soyabean_cdd58813c4.jpg','Yuusuzumi',1,9),(10,'https://www.koppert.eg/content/_processed_/3/0/csm_Soyabean_cdd58813c4.jpg','Fuuki',1,10),(11,'https://www.koppert.eg/content/_processed_/3/0/csm_Soyabean_cdd58813c4.jpg','Fukunari',1,11),(12,'https://www.koppert.eg/content/_processed_/3/0/csm_Soyabean_cdd58813c4.jpg','Nouhime',1,12),(13,'https://www.koppert.eg/content/_processed_/3/0/csm_Soyabean_cdd58813c4.jpg','Tanbaguro ootsubudaizu',1,13),(14,'https://www.koppert.eg/content/_processed_/3/0/csm_Soyabean_cdd58813c4.jpg','Fukura',1,14),(15,'https://www.koppert.eg/content/_processed_/3/0/csm_Soyabean_cdd58813c4.jpg','Yuagari musume',1,15),(16,'https://www.koppert.eg/content/_processed_/3/0/csm_Soyabean_cdd58813c4.jpg','Natsunoyosooi',1,16),(17,'https://www.koppert.eg/content/_processed_/3/0/csm_Soyabean_cdd58813c4.jpg','Okuharawase',1,17),(18,'https://www.koppert.eg/content/_processed_/3/0/csm_Soyabean_cdd58813c4.jpg','Mikawashima',1,18),(19,'https://www.koppert.eg/content/_processed_/3/0/csm_Soyabean_cdd58813c4.jpg','Natsunokoe',1,19),(20,'https://www.koppert.eg/content/_processed_/3/0/csm_Soyabean_cdd58813c4.jpg','Otsunahime',1,20),(21,'https://www.koppert.eg/content/_processed_/3/0/csm_Soyabean_cdd58813c4.jpg','Natsunoshirabe',1,21),(22,'https://www.koppert.eg/content/_processed_/3/0/csm_Soyabean_cdd58813c4.jpg','Shironomai',1,22),(23,'https://khuvuonxanh.com/uploads/2023/07/cay-lua-co-ten-khoa-hoc-la-oryza-sativa.jpg','Lúa',1,25),(24,'https://khuvuonxanh.com/uploads/2023/07/cay-lua-co-ten-khoa-hoc-la-oryza-sativa.jpg','Lúa',1,26),(25,'https://khuvuonxanh.com/uploads/2023/07/cay-lua-co-ten-khoa-hoc-la-oryza-sativa.jpg','Lúa',1,27),(26,'https://khuvuonxanh.com/uploads/2023/07/cay-lua-co-ten-khoa-hoc-la-oryza-sativa.jpg','Lúa',1,28),(27,'https://khuvuonxanh.com/uploads/2023/07/cay-lua-co-ten-khoa-hoc-la-oryza-sativa.jpg','Lúa',1,29),(28,'https://khuvuonxanh.com/uploads/2023/07/cay-lua-co-ten-khoa-hoc-la-oryza-sativa.jpg','Lúa',1,30),(29,'https://khuvuonxanh.com/uploads/2023/07/cay-lua-co-ten-khoa-hoc-la-oryza-sativa.jpg','Lúa',1,31),(30,'https://khuvuonxanh.com/uploads/2023/07/cay-lua-co-ten-khoa-hoc-la-oryza-sativa.jpg','Lúa',1,32),(31,'https://khuvuonxanh.com/uploads/2023/07/cay-lua-co-ten-khoa-hoc-la-oryza-sativa.jpg','Lúa',1,33),(32,'https://khuvuonxanh.com/uploads/2023/07/cay-lua-co-ten-khoa-hoc-la-oryza-sativa.jpg','Lúa',1,34),(33,'https://khuvuonxanh.com/uploads/2023/07/cay-lua-co-ten-khoa-hoc-la-oryza-sativa.jpg','Lúa',1,35),(34,'https://khuvuonxanh.com/uploads/2023/07/cay-lua-co-ten-khoa-hoc-la-oryza-sativa.jpg','Lúa',1,36),(35,'https://khuvuonxanh.com/uploads/2023/07/cay-lua-co-ten-khoa-hoc-la-oryza-sativa.jpg','Lúa',1,37),(36,'https://khuvuonxanh.com/uploads/2023/07/cay-lua-co-ten-khoa-hoc-la-oryza-sativa.jpg','Lúa',1,38),(37,'https://khuvuonxanh.com/uploads/2023/07/cay-lua-co-ten-khoa-hoc-la-oryza-sativa.jpg','Lúa',1,39),(38,'https://khuvuonxanh.com/uploads/2023/07/cay-lua-co-ten-khoa-hoc-la-oryza-sativa.jpg','Lúa',1,40),(39,'https://khuvuonxanh.com/uploads/2023/07/cay-lua-co-ten-khoa-hoc-la-oryza-sativa.jpg','Lúa',1,41),(40,'https://khuvuonxanh.com/uploads/2023/07/cay-lua-co-ten-khoa-hoc-la-oryza-sativa.jpg','Lúa',1,42),(41,'https://khuvuonxanh.com/uploads/2023/07/cay-lua-co-ten-khoa-hoc-la-oryza-sativa.jpg','Lúa',1,43),(42,'https://khuvuonxanh.com/uploads/2023/07/cay-lua-co-ten-khoa-hoc-la-oryza-sativa.jpg','Lúa',1,44),(43,'https://khuvuonxanh.com/uploads/2023/07/cay-lua-co-ten-khoa-hoc-la-oryza-sativa.jpg','Lúa',1,45),(44,'https://khuvuonxanh.com/uploads/2023/07/cay-lua-co-ten-khoa-hoc-la-oryza-sativa.jpg','Lúa',1,46),(45,'https://khuvuonxanh.com/uploads/2023/07/cay-lua-co-ten-khoa-hoc-la-oryza-sativa.jpg','Lúa',1,47),(46,'https://khuvuonxanh.com/uploads/2023/07/cay-lua-co-ten-khoa-hoc-la-oryza-sativa.jpg','Lúa',1,48),(47,'https://khuvuonxanh.com/uploads/2023/07/cay-lua-co-ten-khoa-hoc-la-oryza-sativa.jpg','Lúa',1,49),(48,'https://khuvuonxanh.com/uploads/2023/07/cay-lua-co-ten-khoa-hoc-la-oryza-sativa.jpg','Lúa',1,50),(49,'https://khuvuonxanh.com/uploads/2023/07/cay-lua-co-ten-khoa-hoc-la-oryza-sativa.jpg','Lúa',1,51),(50,'https://khuvuonxanh.com/uploads/2023/07/cay-lua-co-ten-khoa-hoc-la-oryza-sativa.jpg','Lúa',1,52),(51,'https://khuvuonxanh.com/uploads/2023/07/cay-lua-co-ten-khoa-hoc-la-oryza-sativa.jpg','Lúa',1,53),(52,'https://khuvuonxanh.com/uploads/2023/07/cay-lua-co-ten-khoa-hoc-la-oryza-sativa.jpg','Lúa',1,54),(53,'https://khuvuonxanh.com/uploads/2023/07/cay-lua-co-ten-khoa-hoc-la-oryza-sativa.jpg','Lúa',1,55),(54,'https://khuvuonxanh.com/uploads/2023/07/cay-lua-co-ten-khoa-hoc-la-oryza-sativa.jpg','Lúa',1,56),(55,'https://khuvuonxanh.com/uploads/2023/07/cay-lua-co-ten-khoa-hoc-la-oryza-sativa.jpg','Lúa',1,57),(56,'https://khuvuonxanh.com/uploads/2023/07/cay-lua-co-ten-khoa-hoc-la-oryza-sativa.jpg','Lúa',1,58),(57,'https://khuvuonxanh.com/uploads/2023/07/cay-lua-co-ten-khoa-hoc-la-oryza-sativa.jpg','Lúa',1,59),(58,'https://khuvuonxanh.com/uploads/2023/07/cay-lua-co-ten-khoa-hoc-la-oryza-sativa.jpg','Lúa',1,60),(59,'https://khuvuonxanh.com/uploads/2023/07/cay-lua-co-ten-khoa-hoc-la-oryza-sativa.jpg','Lúa',1,61),(60,'https://khuvuonxanh.com/uploads/2023/07/cay-lua-co-ten-khoa-hoc-la-oryza-sativa.jpg','Lúa',1,62),(61,'https://khuvuonxanh.com/uploads/2023/07/cay-lua-co-ten-khoa-hoc-la-oryza-sativa.jpg','Lúa',1,63),(62,'https://khuvuonxanh.com/uploads/2023/07/cay-lua-co-ten-khoa-hoc-la-oryza-sativa.jpg','Lúa',1,64),(63,'https://khuvuonxanh.com/uploads/2023/07/cay-lua-co-ten-khoa-hoc-la-oryza-sativa.jpg','Lúa',1,65),(64,'https://khuvuonxanh.com/uploads/2023/07/cay-lua-co-ten-khoa-hoc-la-oryza-sativa.jpg','Lúa',1,66),(65,'https://khuvuonxanh.com/uploads/2023/07/cay-lua-co-ten-khoa-hoc-la-oryza-sativa.jpg','Lúa',1,67),(66,'https://khuvuonxanh.com/uploads/2023/07/cay-lua-co-ten-khoa-hoc-la-oryza-sativa.jpg','Lúa',1,68),(67,'https://khuvuonxanh.com/uploads/2023/07/cay-lua-co-ten-khoa-hoc-la-oryza-sativa.jpg','Lúa',1,69),(68,'https://khuvuonxanh.com/uploads/2023/07/cay-lua-co-ten-khoa-hoc-la-oryza-sativa.jpg','Lúa',1,70),(69,'https://khuvuonxanh.com/uploads/2023/07/cay-lua-co-ten-khoa-hoc-la-oryza-sativa.jpg','Lúa',1,71),(70,'https://khuvuonxanh.com/uploads/2023/07/cay-lua-co-ten-khoa-hoc-la-oryza-sativa.jpg','Lúa',1,72),(71,'https://khuvuonxanh.com/uploads/2023/07/cay-lua-co-ten-khoa-hoc-la-oryza-sativa.jpg','Lúa',1,73),(72,'https://khuvuonxanh.com/uploads/2023/07/cay-lua-co-ten-khoa-hoc-la-oryza-sativa.jpg','Lúa',1,74),(73,'https://khuvuonxanh.com/uploads/2023/07/cay-lua-co-ten-khoa-hoc-la-oryza-sativa.jpg','Lúa',1,75),(74,'https://khuvuonxanh.com/uploads/2023/07/cay-lua-co-ten-khoa-hoc-la-oryza-sativa.jpg','Lúa',1,76),(75,'https://khuvuonxanh.com/uploads/2023/07/cay-lua-co-ten-khoa-hoc-la-oryza-sativa.jpg','Lúa',1,77),(76,'https://khuvuonxanh.com/uploads/2023/07/cay-lua-co-ten-khoa-hoc-la-oryza-sativa.jpg','Lúa',1,78),(77,'https://khuvuonxanh.com/uploads/2023/07/cay-lua-co-ten-khoa-hoc-la-oryza-sativa.jpg','Lúa',1,79),(78,'https://khuvuonxanh.com/uploads/2023/07/cay-lua-co-ten-khoa-hoc-la-oryza-sativa.jpg','Lúa',1,80),(79,'https://khuvuonxanh.com/uploads/2023/07/cay-lua-co-ten-khoa-hoc-la-oryza-sativa.jpg','Lúa',1,81),(80,'https://khuvuonxanh.com/uploads/2023/07/cay-lua-co-ten-khoa-hoc-la-oryza-sativa.jpg','Lúa',1,82),(81,'https://khuvuonxanh.com/uploads/2023/07/cay-lua-co-ten-khoa-hoc-la-oryza-sativa.jpg','Lúa',1,83),(82,'https://khuvuonxanh.com/uploads/2023/07/cay-lua-co-ten-khoa-hoc-la-oryza-sativa.jpg','Lúa',1,84),(83,'https://khuvuonxanh.com/uploads/2023/07/cay-lua-co-ten-khoa-hoc-la-oryza-sativa.jpg','Lúa',1,85),(84,'https://khuvuonxanh.com/uploads/2023/07/cay-lua-co-ten-khoa-hoc-la-oryza-sativa.jpg','Lúa',1,86),(85,'https://khuvuonxanh.com/uploads/2023/07/cay-lua-co-ten-khoa-hoc-la-oryza-sativa.jpg','Lúa',1,87),(86,'https://khuvuonxanh.com/uploads/2023/07/cay-lua-co-ten-khoa-hoc-la-oryza-sativa.jpg','Lúa',1,88),(87,'https://khuvuonxanh.com/uploads/2023/07/cay-lua-co-ten-khoa-hoc-la-oryza-sativa.jpg','Lúa',1,89),(88,'https://khuvuonxanh.com/uploads/2023/07/cay-lua-co-ten-khoa-hoc-la-oryza-sativa.jpg','Lúa',1,90),(89,'https://khuvuonxanh.com/uploads/2023/07/cay-lua-co-ten-khoa-hoc-la-oryza-sativa.jpg','Lúa',1,91),(90,'https://khuvuonxanh.com/uploads/2023/07/cay-lua-co-ten-khoa-hoc-la-oryza-sativa.jpg','Lúa',1,92),(91,'https://khuvuonxanh.com/uploads/2023/07/cay-lua-co-ten-khoa-hoc-la-oryza-sativa.jpg','Lúa',1,93),(92,'https://khuvuonxanh.com/uploads/2023/07/cay-lua-co-ten-khoa-hoc-la-oryza-sativa.jpg','Lúa',1,94),(93,'https://khuvuonxanh.com/uploads/2023/07/cay-lua-co-ten-khoa-hoc-la-oryza-sativa.jpg','Lúa',1,95),(94,'https://khuvuonxanh.com/uploads/2023/07/cay-lua-co-ten-khoa-hoc-la-oryza-sativa.jpg','Lúa',1,96),(95,'https://khuvuonxanh.com/uploads/2023/07/cay-lua-co-ten-khoa-hoc-la-oryza-sativa.jpg','Lúa',1,97),(96,'https://khuvuonxanh.com/uploads/2023/07/cay-lua-co-ten-khoa-hoc-la-oryza-sativa.jpg','Lúa',1,98),(97,'https://khuvuonxanh.com/uploads/2023/07/cay-lua-co-ten-khoa-hoc-la-oryza-sativa.jpg','Lúa',1,99),(98,'https://khuvuonxanh.com/uploads/2023/07/cay-lua-co-ten-khoa-hoc-la-oryza-sativa.jpg','Lúa',1,100),(99,'https://khuvuonxanh.com/uploads/2023/07/cay-lua-co-ten-khoa-hoc-la-oryza-sativa.jpg','Lúa',1,101),(100,'https://khuvuonxanh.com/uploads/2023/07/cay-lua-co-ten-khoa-hoc-la-oryza-sativa.jpg','Lúa',1,102),(101,'https://khuvuonxanh.com/uploads/2023/07/cay-lua-co-ten-khoa-hoc-la-oryza-sativa.jpg','Lúa',1,103),(102,'https://khuvuonxanh.com/uploads/2023/07/cay-lua-co-ten-khoa-hoc-la-oryza-sativa.jpg','Lúa',1,104),(103,'https://khuvuonxanh.com/uploads/2023/07/cay-lua-co-ten-khoa-hoc-la-oryza-sativa.jpg','Lúa',1,105),(104,'https://khuvuonxanh.com/uploads/2023/07/cay-lua-co-ten-khoa-hoc-la-oryza-sativa.jpg','Lúa',1,106),(105,'https://khuvuonxanh.com/uploads/2023/07/cay-lua-co-ten-khoa-hoc-la-oryza-sativa.jpg','Lúa',1,107),(106,'https://khuvuonxanh.com/uploads/2023/07/cay-lua-co-ten-khoa-hoc-la-oryza-sativa.jpg','Lúa',1,108),(107,'https://khuvuonxanh.com/uploads/2023/07/cay-lua-co-ten-khoa-hoc-la-oryza-sativa.jpg','Lúa',1,109),(108,'https://khuvuonxanh.com/uploads/2023/07/cay-lua-co-ten-khoa-hoc-la-oryza-sativa.jpg','Lúa',1,110),(109,'https://khuvuonxanh.com/uploads/2023/07/cay-lua-co-ten-khoa-hoc-la-oryza-sativa.jpg','Lúa',1,111),(110,'https://khuvuonxanh.com/uploads/2023/07/cay-lua-co-ten-khoa-hoc-la-oryza-sativa.jpg','Lúa',1,112),(111,'https://khuvuonxanh.com/uploads/2023/07/cay-lua-co-ten-khoa-hoc-la-oryza-sativa.jpg','Lúa',1,113),(112,'https://khuvuonxanh.com/uploads/2023/07/cay-lua-co-ten-khoa-hoc-la-oryza-sativa.jpg','Lúa',1,114),(113,'https://khuvuonxanh.com/uploads/2023/07/cay-lua-co-ten-khoa-hoc-la-oryza-sativa.jpg','Lúa',1,115),(114,'https://khuvuonxanh.com/uploads/2023/07/cay-lua-co-ten-khoa-hoc-la-oryza-sativa.jpg','Lúa',1,116),(115,'https://khuvuonxanh.com/uploads/2023/07/cay-lua-co-ten-khoa-hoc-la-oryza-sativa.jpg','Lúa',1,117),(116,'https://khuvuonxanh.com/uploads/2023/07/cay-lua-co-ten-khoa-hoc-la-oryza-sativa.jpg','Lúa',1,118),(117,'https://khuvuonxanh.com/uploads/2023/07/cay-lua-co-ten-khoa-hoc-la-oryza-sativa.jpg','Lúa',1,119),(118,'https://khuvuonxanh.com/uploads/2023/07/cay-lua-co-ten-khoa-hoc-la-oryza-sativa.jpg','Lúa',1,120),(119,'https://khuvuonxanh.com/uploads/2023/07/cay-lua-co-ten-khoa-hoc-la-oryza-sativa.jpg','Lúa',1,121),(120,'https://khuvuonxanh.com/uploads/2023/07/cay-lua-co-ten-khoa-hoc-la-oryza-sativa.jpg','Lúa',1,122),(121,'https://khuvuonxanh.com/uploads/2023/07/cay-lua-co-ten-khoa-hoc-la-oryza-sativa.jpg','Lúa',1,123),(122,'https://khuvuonxanh.com/uploads/2023/07/cay-lua-co-ten-khoa-hoc-la-oryza-sativa.jpg','Lúa',1,124);
/*!40000 ALTER TABLE `images` ENABLE KEYS */;
UNLOCK TABLES;

--
-- Table structure for table `plant_type`
--

DROP TABLE IF EXISTS `plant_type`;
/*!40101 SET @saved_cs_client     = @@character_set_client */;
/*!50503 SET character_set_client = utf8mb4 */;
CREATE TABLE `plant_type` (
  `id` int NOT NULL AUTO_INCREMENT,
  `name` varchar(100) NOT NULL,
  `group_id` int DEFAULT NULL,
  PRIMARY KEY (`id`),
  KEY `group_id` (`group_id`),
  CONSTRAINT `plant_type_ibfk_1` FOREIGN KEY (`group_id`) REFERENCES `groups` (`id`)
) ENGINE=InnoDB AUTO_INCREMENT=3 DEFAULT CHARSET=utf8mb4 COLLATE=utf8mb4_0900_ai_ci;
/*!40101 SET character_set_client = @saved_cs_client */;

--
-- Dumping data for table `plant_type`
--

LOCK TABLES `plant_type` WRITE;
/*!40000 ALTER TABLE `plant_type` DISABLE KEYS */;
INSERT INTO `plant_type` VALUES (1,'Đậu nành',7),(2,'Lúa',1);
/*!40000 ALTER TABLE `plant_type` ENABLE KEYS */;
UNLOCK TABLES;

--
-- Table structure for table `properties`
--

DROP TABLE IF EXISTS `properties`;
/*!40101 SET @saved_cs_client     = @@character_set_client */;
/*!50503 SET character_set_client = utf8mb4 */;
CREATE TABLE `properties` (
  `id` int NOT NULL AUTO_INCREMENT,
  `name` varchar(200) NOT NULL,
  `value_type` enum('num','enum') NOT NULL,
  `type_id` int DEFAULT NULL,
  PRIMARY KEY (`id`),
  KEY `type_id` (`type_id`),
  CONSTRAINT `properties_ibfk_1` FOREIGN KEY (`type_id`) REFERENCES `plant_type` (`id`)
) ENGINE=InnoDB AUTO_INCREMENT=79 DEFAULT CHARSET=utf8mb4 COLLATE=utf8mb4_0900_ai_ci;
/*!40101 SET character_set_client = @saved_cs_client */;

--
-- Dumping data for table `properties`
--

LOCK TABLES `properties` WRITE;
/*!40000 ALTER TABLE `properties` DISABLE KEYS */;
INSERT INTO `properties` VALUES (1,'Ngày trổ hoa','num',1),(2,'Ngày thu hoạch','num',1),(3,'Chiều cao cây (cm)','num',1),(4,'Trọng lượng 100 hạt (g)','num',1),(5,'Số hạt/trái','num',1),(6,'Kích thước hạt theo chiều rộng (mm)','num',1),(7,'Kích thước hạt theo chiều dài (mm)','num',1),(8,'Kích thước hạt theo chiều dày (mm)','num',1),(9,'Màu hoa','enum',1),(10,'Trục hạ diệp','enum',1),(11,'Màu vỏ hạt','enum',1),(12,'Màu tể','enum',1),(13,'Dạng hạt','enum',1),(14,'Màu trái','enum',1),(15,'Màu lông trên trái','enum',1),(16,'Ngày trổ','enum',2),(17,'Năm trồng lại (năm gần nhất)','enum',2),(18,'Màu phiến lá','enum',2),(19,'Màu bẹ lá căn bản','enum',2),(20,'Góc lá','enum',2),(21,'Góc lá cờ','enum',2),(22,'Chiều dài thìa lá','enum',2),(23,'Màu thìa lá','enum',2),(24,'Dạng thìa','enum',2),(25,'Màu cổ lá','enum',2),(26,'Màu tai lá','enum',2),(27,'Góc thân','enum',2),(28,'Màu lóng','enum',2),(29,'Ðộ cứng của thân','enum',2),(30,'Kiểu bông','enum',2),(31,'Phân nhánh cấp hai','enum',2),(32,'Ðộ trổ bông','enum',2),(33,'Trục bông','enum',2),(34,'Tính tự rụng hạt','enum',2),(35,'Khả năng suốt bông','enum',2),(36,'Râu','enum',2),(37,'Màu râu','enum',2),(38,'Màu nút đít','enum',2),(39,'Màu nướm','enum',2),(40,'Màu trấu lớn và trấu nhỏ','enum',2),(41,'Lông tơ trên trấu','enum',2),(42,'Màu của dĩnh','enum',2),(43,'Chiều dài của dĩnh','enum',2),(44,'Ðộ thụ phấn','enum',2),(45,'Sự ruội lá','enum',2),(46,'Màu gạo lức','enum',2),(47,'Loại phôi nhủ','enum',2),(48,'Mùi thơm','enum',2),(49,'Bạc bụng','enum',2),(50,'Dạng gạo','enum',2),(51,'Ðộ chua của đất','enum',2),(52,'Nhiễm mặn','enum',2),(53,'Ðộ ngập sâu trong năm','enum',2),(54,'Rầy nâu (năm)','enum',2),(55,'Rầy lưng trắng','enum',2),(56,'Cháy lá','enum',2),(57,'Cháy bìa lá','enum',2),(58,'Ðốm vằn','enum',2),(59,'Lông trên phiến lá','enum',2),(60,'Nhóm giống','enum',2),(61,'Cao độ (m)','num',2),(62,'Chiều cao mạ (cm)','num',2),(63,'Chiều dài lá (cm)','num',2),(64,'Chiều rộng lá (cm)','num',2),(65,'Chiều cao cây(cm):','num',2),(66,'Số chồi','num',2),(67,'Ðường kính của lóng thân cơ bản (mm):','num',2),(68,'Chiều dài bông (cm)','num',2),(69,'Trọng lượng 1000 hạt (g)','num',2),(70,'Chiều dài hạt lúa (mm):','num',2),(71,'Chiều rộng hạt lúa (mm)','num',2),(72,'Chiều dài hạt gạo (mm)','num',2),(73,'Chiều rộng hạt gạo (mm)','num',2),(74,'Chiều dài phôi nhũ (mm):','num',2),(75,'Sự phân hóa kiềm (thử Alkali):','num',2),(76,'Hàm lượng Amylose (%)','num',2),(77,'Hàm lượng Protein (%)','num',2),(78,'Tỉ lệ xay chà (% gạo trắng nguyên)','num',2);
/*!40000 ALTER TABLE `properties` ENABLE KEYS */;
UNLOCK TABLES;

--
-- Table structure for table `properties_value`
--

DROP TABLE IF EXISTS `properties_value`;
/*!40101 SET @saved_cs_client     = @@character_set_client */;
/*!50503 SET character_set_client = utf8mb4 */;
CREATE TABLE `properties_value` (
  `species_id` int DEFAULT NULL,
  `properties_id` int DEFAULT NULL,
  `number_value` float DEFAULT NULL,
  `enum_properties_id` int DEFAULT NULL,
  KEY `species_id` (`species_id`),
  KEY `properties_id` (`properties_id`),
  KEY `enum_properties_id` (`enum_properties_id`),
  CONSTRAINT `properties_value_ibfk_1` FOREIGN KEY (`species_id`) REFERENCES `species` (`id`),
  CONSTRAINT `properties_value_ibfk_2` FOREIGN KEY (`properties_id`) REFERENCES `properties` (`id`),
  CONSTRAINT `properties_value_ibfk_3` FOREIGN KEY (`enum_properties_id`) REFERENCES `enum_properties` (`id`)
) ENGINE=InnoDB DEFAULT CHARSET=utf8mb4 COLLATE=utf8mb4_0900_ai_ci;
/*!40101 SET character_set_client = @saved_cs_client */;

--
-- Dumping data for table `properties_value`
--

LOCK TABLES `properties_value` WRITE;
/*!40000 ALTER TABLE `properties_value` DISABLE KEYS */;
INSERT INTO `properties_value` VALUES (1,1,24,NULL),(1,2,72,NULL),(1,3,22.3,NULL),(1,4,34.4,NULL),(1,5,2.9,NULL),(1,6,8.7,NULL),(1,7,9.35,NULL),(1,8,7.4,NULL),(1,9,NULL,1),(1,10,NULL,3),(1,11,NULL,7),(1,12,NULL,14),(1,13,NULL,21),(1,14,NULL,27),(1,15,NULL,34),(2,1,24,NULL),(2,2,72,NULL),(2,3,23.2,NULL),(2,4,26.5,NULL),(2,5,2.8,NULL),(2,6,7.52,NULL),(2,7,9,NULL),(2,8,7.5,NULL),(2,9,NULL,1),(2,10,NULL,3),(2,11,NULL,11),(2,12,NULL,20),(2,13,NULL,23),(2,14,NULL,27),(2,15,NULL,34),(3,1,22,NULL),(3,2,70,NULL),(3,3,24.5,NULL),(3,4,29,NULL),(3,5,2.9,NULL),(3,6,8.45,NULL),(3,7,9.25,NULL),(3,8,5.95,NULL),(3,9,NULL,1),(3,10,NULL,3),(3,11,NULL,10),(3,12,NULL,16),(3,13,NULL,22),(3,14,NULL,28),(3,15,NULL,35),(4,1,21,NULL),(4,2,72,NULL),(4,3,21.4,NULL),(4,4,35.6,NULL),(4,5,2.8,NULL),(4,6,8.6,NULL),(4,7,9.15,NULL),(4,8,6.95,NULL),(4,9,NULL,1),(4,10,NULL,3),(4,11,NULL,7),(4,12,NULL,14),(4,13,NULL,22),(4,14,NULL,27),(4,15,NULL,34),(5,1,23,NULL),(5,2,72,NULL),(5,3,22.1,NULL),(5,4,32.5,NULL),(5,5,2.7,NULL),(5,6,8.65,NULL),(5,7,9.3,NULL),(5,8,6.75,NULL),(5,9,NULL,1),(5,10,NULL,3),(5,11,NULL,11),(5,12,NULL,20),(5,13,NULL,22),(5,14,NULL,27),(5,15,NULL,34),(6,1,20,NULL),(6,2,68,NULL),(6,3,23.1,NULL),(6,4,33,NULL),(6,5,2.6,NULL),(6,6,8.1,NULL),(6,7,8.65,NULL),(6,8,5.8,NULL),(6,9,NULL,1),(6,10,NULL,3),(6,11,NULL,9),(6,12,NULL,17),(6,13,NULL,22),(6,14,NULL,27),(6,15,NULL,34),(7,1,20,NULL),(7,2,68,NULL),(7,3,24,NULL),(7,4,27.1,NULL),(7,5,2.6,NULL),(7,6,8.2,NULL),(7,7,9.2,NULL),(7,8,6.95,NULL),(7,9,NULL,2),(7,10,NULL,4),(7,11,NULL,5),(7,12,NULL,13),(7,13,NULL,23),(7,14,NULL,28),(7,15,NULL,34),(8,1,27,NULL),(8,2,78,NULL),(8,3,22.5,NULL),(8,4,34,NULL),(8,5,2.5,NULL),(8,6,8.5,NULL),(8,7,9,NULL),(8,8,7.35,NULL),(8,9,NULL,1),(8,10,NULL,3),(8,11,NULL,7),(8,12,NULL,17),(8,13,NULL,21),(8,14,NULL,27),(8,15,NULL,35),(9,1,23,NULL),(9,2,72,NULL),(9,3,23.6,NULL),(9,4,33.5,NULL),(9,5,2.6,NULL),(9,6,8.9,NULL),(9,7,9.35,NULL),(9,8,7.25,NULL),(9,9,NULL,1),(9,10,NULL,3),(9,11,NULL,7),(9,12,NULL,13),(9,13,NULL,22),(9,14,NULL,27),(9,15,NULL,35),(10,1,22,NULL),(10,2,72,NULL),(10,3,24.4,NULL),(10,4,35.5,NULL),(10,5,2.7,NULL),(10,6,8.95,NULL),(10,7,9.55,NULL),(10,8,7.4,NULL),(10,9,NULL,1),(10,10,NULL,3),(10,11,NULL,6),(10,12,NULL,16),(10,13,NULL,22),(10,14,NULL,28),(10,15,NULL,35),(11,1,21,NULL),(11,2,70,NULL),(11,3,28.2,NULL),(11,4,26.9,NULL),(11,5,2.7,NULL),(11,6,8.6,NULL),(11,7,9.45,NULL),(11,8,6.1,NULL),(11,9,NULL,1),(11,10,NULL,3),(11,11,NULL,9),(11,12,NULL,17),(11,13,NULL,22),(11,14,NULL,27),(11,15,NULL,34),(12,1,25,NULL),(12,2,72,NULL),(12,3,26.7,NULL),(12,4,30.8,NULL),(12,5,2.8,NULL),(12,6,8.8,NULL),(12,7,9.5,NULL),(12,8,7.3,NULL),(12,9,NULL,1),(12,10,NULL,3),(12,11,NULL,11),(12,12,NULL,20),(12,13,NULL,22),(12,14,NULL,27),(12,15,NULL,34),(13,1,28,NULL),(13,2,78,NULL),(13,3,29,NULL),(13,4,35.2,NULL),(13,5,2.5,NULL),(13,6,10.1,NULL),(13,7,11,NULL),(13,8,9.15,NULL),(13,9,NULL,2),(13,10,NULL,4),(13,11,NULL,11),(13,12,NULL,20),(13,13,NULL,21),(13,14,NULL,27),(13,15,NULL,34),(14,1,24,NULL),(14,2,72,NULL),(14,3,27.1,NULL),(14,4,29.8,NULL),(14,5,2.6,NULL),(14,6,8.4,NULL),(14,7,8.95,NULL),(14,8,7.4,NULL),(14,9,NULL,1),(14,10,NULL,3),(14,11,NULL,7),(14,12,NULL,14),(14,13,NULL,21),(14,14,NULL,27),(14,15,NULL,34),(15,1,21,NULL),(15,2,70,NULL),(15,3,26.5,NULL),(15,4,31.6,NULL),(15,5,2.5,NULL),(15,6,8.25,NULL),(15,7,8.65,NULL),(15,8,6.65,NULL),(15,9,NULL,2),(15,10,NULL,4),(15,11,NULL,6),(15,12,NULL,14),(15,13,NULL,22),(15,14,NULL,27),(15,15,NULL,34),(16,1,24,NULL),(16,2,72,NULL),(16,3,24.5,NULL),(16,4,32,NULL),(16,5,2.6,NULL),(16,6,8.25,NULL),(16,7,8.8,NULL),(16,8,6.75,NULL),(16,9,NULL,1),(16,10,NULL,3),(16,11,NULL,11),(16,12,NULL,20),(16,13,NULL,22),(16,14,NULL,27),(16,15,NULL,34),(17,1,22,NULL),(17,2,72,NULL),(17,3,22.6,NULL),(17,4,30.5,NULL),(17,5,2.5,NULL),(17,6,9.05,NULL),(17,7,9.4,NULL),(17,8,7.8,NULL),(17,9,NULL,2),(17,10,NULL,4),(17,11,NULL,6),(17,12,NULL,16),(17,13,NULL,21),(17,14,NULL,27),(17,15,NULL,34),(18,1,23,NULL),(18,2,72,NULL),(18,3,20,NULL),(18,4,28.4,NULL),(18,5,2.3,NULL),(18,6,8.75,NULL),(18,7,9.75,NULL),(18,8,6.95,NULL),(18,9,NULL,1),(18,10,NULL,3),(18,11,NULL,6),(18,12,NULL,13),(18,13,NULL,22),(18,14,NULL,28),(18,15,NULL,35),(19,1,22,NULL),(19,2,72,NULL),(19,3,23.4,NULL),(19,4,26,NULL),(19,5,2.5,NULL),(19,6,8.2,NULL),(19,7,8.65,NULL),(19,8,6.5,NULL),(19,9,NULL,1),(19,10,NULL,3),(19,11,NULL,9),(19,12,NULL,17),(19,13,NULL,22),(19,14,NULL,27),(19,15,NULL,34),(20,1,24,NULL),(20,2,76,NULL),(20,3,26.3,NULL),(20,4,31.3,NULL),(20,5,2.7,NULL),(20,6,8,NULL),(20,7,8,NULL),(20,8,6.85,NULL),(20,9,NULL,1),(20,10,NULL,3),(20,11,NULL,7),(20,12,NULL,16),(20,13,NULL,21),(20,14,NULL,28),(20,15,NULL,35),(21,1,24,NULL),(21,2,72,NULL),(21,3,25.8,NULL),(21,4,29.9,NULL),(21,5,2.6,NULL),(21,6,8.45,NULL),(21,7,9,NULL),(21,8,7.05,NULL),(21,9,NULL,2),(21,10,NULL,4),(21,11,NULL,10),(21,12,NULL,17),(21,13,NULL,22),(21,14,NULL,27),(21,15,NULL,34),(22,1,28,NULL),(22,2,78,NULL),(22,3,33.5,NULL),(22,4,35,NULL),(22,5,2.6,NULL),(22,6,8.65,NULL),(22,7,8.9,NULL),(22,8,7.8,NULL),(22,9,NULL,2),(22,10,NULL,4),(22,11,NULL,6),(22,12,NULL,13),(22,13,NULL,21),(22,14,NULL,27),(22,15,NULL,34),(25,18,NULL,37),(25,19,NULL,43),(25,20,NULL,47),(25,21,NULL,50),(25,22,NULL,55),(25,23,NULL,59),(25,24,NULL,62),(25,25,NULL,64),(25,26,NULL,67),(25,27,NULL,70),(25,28,NULL,76),(25,29,NULL,79),(25,30,NULL,84),(25,31,NULL,90),(25,32,NULL,93),(25,33,NULL,97),(25,35,NULL,104),(25,36,NULL,107),(25,38,NULL,116),(25,39,NULL,123),(25,41,NULL,142),(25,43,NULL,150),(25,46,NULL,162),(25,47,NULL,169),(25,48,NULL,172),(25,49,NULL,176),(25,53,NULL,183),(25,59,NULL,198),(25,62,1,NULL),(25,63,1,NULL),(25,64,3,NULL),(25,65,1,NULL),(25,66,2,NULL),(25,67,2,NULL),(25,68,1,NULL),(25,69,1,NULL),(25,70,2,NULL),(25,71,2,NULL),(25,72,1,NULL),(25,73,2,NULL),(25,74,105,NULL),(25,75,4,NULL),(26,18,NULL,37),(26,19,NULL,43),(26,20,NULL,48),(26,21,NULL,51),(26,22,NULL,55),(26,23,NULL,59),(26,24,NULL,62),(26,25,NULL,64),(26,26,NULL,67),(26,27,NULL,70),(26,28,NULL,76),(26,30,NULL,85),(26,31,NULL,89),(26,32,NULL,91),(26,33,NULL,97),(26,35,NULL,104),(26,36,NULL,107),(26,38,NULL,116),(26,39,NULL,123),(26,40,NULL,129),(26,41,NULL,142),(26,42,NULL,145),(26,43,NULL,150),(26,53,NULL,183),(26,59,NULL,198),(26,62,2,NULL),(26,63,2,NULL),(26,64,2,NULL),(26,65,3,NULL),(26,66,1,NULL),(26,67,2,NULL),(26,68,3,NULL),(26,70,0,NULL),(26,71,0,NULL),(26,72,0,NULL),(26,73,0,NULL),(27,18,NULL,40),(27,19,NULL,45),(27,20,NULL,49),(27,21,NULL,51),(27,22,NULL,55),(27,23,NULL,59),(27,24,NULL,62),(27,25,NULL,66),(27,26,NULL,69),(27,27,NULL,70),(27,28,NULL,76),(27,30,NULL,85),(27,31,NULL,90),(27,32,NULL,91),(27,33,NULL,97),(27,35,NULL,104),(27,36,NULL,107),(27,38,NULL,121),(27,39,NULL,127),(27,40,NULL,131),(27,42,NULL,145),(27,43,NULL,150),(27,53,NULL,183),(27,59,NULL,198),(27,62,2,NULL),(27,63,2,NULL),(27,64,1,NULL),(27,65,3,NULL),(27,66,1,NULL),(27,67,2,NULL),(27,68,3,NULL),(27,70,0,NULL),(27,71,0,NULL),(27,72,0,NULL),(27,73,0,NULL),(28,18,NULL,38),(28,19,NULL,43),(28,20,NULL,48),(28,22,NULL,55),(28,23,NULL,58),(28,24,NULL,62),(28,25,NULL,64),(28,26,NULL,67),(28,28,NULL,76),(28,30,NULL,85),(28,31,NULL,90),(28,33,NULL,97),(28,35,NULL,104),(28,36,NULL,107),(28,38,NULL,116),(28,39,NULL,123),(28,40,NULL,129),(28,41,NULL,142),(28,43,NULL,150),(28,44,NULL,154),(28,45,NULL,159),(28,46,NULL,162),(28,47,NULL,169),(28,48,NULL,172),(28,53,NULL,185),(28,59,NULL,198),(28,62,2,NULL),(28,63,2,NULL),(28,64,2,NULL),(28,65,1,NULL),(28,66,1,NULL),(28,67,1,NULL),(28,68,2,NULL),(28,69,3,NULL),(28,70,2,NULL),(28,71,4,NULL),(28,72,2,NULL),(28,73,2,NULL),(28,74,2,NULL),(28,75,1,NULL),(29,18,NULL,37),(29,19,NULL,43),(29,20,NULL,47),(29,22,NULL,56),(29,23,NULL,59),(29,24,NULL,62),(29,25,NULL,64),(29,26,NULL,67),(29,27,NULL,70),(29,28,NULL,76),(29,30,NULL,85),(29,31,NULL,90),(29,32,NULL,91),(29,33,NULL,97),(29,35,NULL,104),(29,36,NULL,107),(29,38,NULL,116),(29,39,NULL,123),(29,41,NULL,142),(29,43,NULL,150),(29,46,NULL,162),(29,47,NULL,169),(29,48,NULL,172),(29,53,NULL,183),(29,59,NULL,198),(29,62,2,NULL),(29,63,3,NULL),(29,64,3,NULL),(29,65,4,NULL),(29,66,1,NULL),(29,67,4,NULL),(29,68,3,NULL),(29,70,2,NULL),(29,71,2,NULL),(29,72,2,NULL),(29,73,2,NULL),(29,74,20,NULL),(30,18,NULL,37),(30,19,NULL,43),(30,20,NULL,48),(30,22,NULL,56),(30,23,NULL,59),(30,24,NULL,62),(30,25,NULL,64),(30,26,NULL,67),(30,27,NULL,70),(30,28,NULL,76),(30,29,NULL,80),(30,30,NULL,85),(30,31,NULL,89),(30,33,NULL,97),(30,35,NULL,104),(30,36,NULL,107),(30,38,NULL,116),(30,39,NULL,123),(30,41,NULL,142),(30,43,NULL,150),(30,46,NULL,162),(30,47,NULL,169),(30,48,NULL,172),(30,53,NULL,183),(30,59,NULL,198),(30,62,2,NULL),(30,63,3,NULL),(30,64,2,NULL),(30,65,3,NULL),(30,66,2,NULL),(30,67,3,NULL),(30,68,3,NULL),(30,69,2,NULL),(30,70,2,NULL),(30,71,2,NULL),(30,72,2,NULL),(30,73,2,NULL),(30,74,1.8,NULL),(31,18,NULL,37),(31,19,NULL,43),(31,20,NULL,48),(31,22,NULL,56),(31,23,NULL,59),(31,24,NULL,62),(31,25,NULL,64),(31,26,NULL,67),(31,27,NULL,70),(31,28,NULL,76),(31,30,NULL,85),(31,31,NULL,90),(31,32,NULL,91),(31,33,NULL,97),(31,35,NULL,104),(31,36,NULL,107),(31,38,NULL,116),(31,39,NULL,123),(31,41,NULL,142),(31,43,NULL,150),(31,46,NULL,162),(31,47,NULL,169),(31,48,NULL,172),(31,53,NULL,183),(31,59,NULL,198),(31,62,1,NULL),(31,63,4,NULL),(31,64,2,NULL),(31,65,2,NULL),(31,66,2,NULL),(31,67,4,NULL),(31,68,2,NULL),(31,69,3,NULL),(31,70,1,NULL),(31,71,2,NULL),(31,72,2,NULL),(31,73,2,NULL),(31,74,1.9,NULL),(31,75,1,NULL),(32,18,NULL,37),(32,19,NULL,43),(32,20,NULL,47),(32,22,NULL,56),(32,23,NULL,59),(32,24,NULL,62),(32,25,NULL,64),(32,26,NULL,67),(32,27,NULL,70),(32,28,NULL,76),(32,29,NULL,80),(32,30,NULL,84),(32,31,NULL,90),(32,32,NULL,93),(32,33,NULL,97),(32,35,NULL,105),(32,36,NULL,107),(32,38,NULL,116),(32,39,NULL,123),(32,41,NULL,142),(32,43,NULL,150),(32,46,NULL,162),(32,47,NULL,169),(32,48,NULL,172),(32,50,NULL,179),(32,53,NULL,183),(32,59,NULL,198),(32,62,2,NULL),(32,63,2,NULL),(32,64,2,NULL),(32,65,3,NULL),(32,66,2,NULL),(32,67,2,NULL),(32,68,2,NULL),(32,69,2,NULL),(32,70,2,NULL),(32,71,2,NULL),(32,72,2,NULL),(32,73,2,NULL),(32,74,2,NULL),(32,75,2,NULL),(33,18,NULL,37),(33,19,NULL,43),(33,20,NULL,48),(33,21,NULL,50),(33,22,NULL,55),(33,23,NULL,59),(33,24,NULL,62),(33,25,NULL,64),(33,26,NULL,67),(33,27,NULL,70),(33,28,NULL,75),(33,30,NULL,85),(33,31,NULL,89),(33,33,NULL,97),(33,35,NULL,104),(33,36,NULL,107),(33,38,NULL,116),(33,39,NULL,123),(33,40,NULL,133),(33,41,NULL,142),(33,43,NULL,150),(33,44,NULL,154),(33,45,NULL,159),(33,47,NULL,170),(33,53,NULL,183),(33,54,NULL,189),(33,59,NULL,198),(33,62,3,NULL),(33,63,2,NULL),(33,64,2,NULL),(33,65,3,NULL),(33,66,2,NULL),(33,67,2,NULL),(33,68,2,NULL),(33,69,3,NULL),(33,70,2,NULL),(33,71,2,NULL),(33,72,0,NULL),(33,73,0,NULL),(34,18,NULL,38),(34,19,NULL,43),(34,20,NULL,49),(34,22,NULL,56),(34,23,NULL,58),(34,25,NULL,64),(34,26,NULL,67),(34,28,NULL,76),(34,30,NULL,84),(34,31,NULL,90),(34,33,NULL,97),(34,35,NULL,104),(34,36,NULL,107),(34,38,NULL,116),(34,39,NULL,123),(34,40,NULL,129),(34,41,NULL,142),(34,43,NULL,150),(34,53,NULL,183),(34,54,NULL,189),(34,59,NULL,198),(34,62,3,NULL),(34,63,3,NULL),(34,64,3,NULL),(34,65,3,NULL),(34,66,1,NULL),(34,67,4,NULL),(34,68,3,NULL),(34,69,3,NULL),(34,70,2,NULL),(34,71,3,NULL),(34,72,2,NULL),(34,73,3,NULL),(34,74,2,NULL),(35,18,NULL,37),(35,19,NULL,44),(35,20,NULL,47),(35,21,NULL,51),(35,22,NULL,56),(35,23,NULL,59),(35,24,NULL,62),(35,25,NULL,66),(35,26,NULL,67),(35,27,NULL,71),(35,28,NULL,76),(35,30,NULL,85),(35,31,NULL,90),(35,32,NULL,91),(35,33,NULL,97),(35,35,NULL,105),(35,36,NULL,107),(35,38,NULL,116),(35,39,NULL,123),(35,41,NULL,142),(35,43,NULL,150),(35,46,NULL,166),(35,47,NULL,169),(35,48,NULL,172),(35,53,NULL,184),(35,54,NULL,189),(35,59,NULL,198),(35,62,2,NULL),(35,63,2,NULL),(35,64,3,NULL),(35,65,4,NULL),(35,66,2,NULL),(35,67,4,NULL),(35,68,3,NULL),(35,69,3,NULL),(35,70,2,NULL),(35,71,3,NULL),(35,72,1,NULL),(35,73,3,NULL),(35,74,20,NULL),(35,75,1,NULL),(36,18,NULL,37),(36,19,NULL,44),(36,20,NULL,47),(36,21,NULL,51),(36,22,NULL,56),(36,23,NULL,59),(36,24,NULL,62),(36,25,NULL,66),(36,26,NULL,67),(36,27,NULL,71),(36,28,NULL,76),(36,30,NULL,85),(36,31,NULL,90),(36,32,NULL,91),(36,33,NULL,97),(36,35,NULL,104),(36,36,NULL,107),(36,38,NULL,121),(36,39,NULL,127),(36,41,NULL,142),(36,43,NULL,151),(36,46,NULL,166),(36,47,NULL,169),(36,53,NULL,185),(36,54,NULL,189),(36,59,NULL,198),(36,62,2,NULL),(36,63,2,NULL),(36,64,3,NULL),(36,65,3,NULL),(36,66,2,NULL),(36,67,4,NULL),(36,68,3,NULL),(36,69,3,NULL),(36,70,2,NULL),(36,71,3,NULL),(36,72,2,NULL),(36,73,3,NULL),(36,74,2,NULL),(36,75,2,NULL),(37,18,NULL,37),(37,19,NULL,43),(37,20,NULL,47),(37,22,NULL,55),(37,23,NULL,58),(37,24,NULL,62),(37,25,NULL,64),(37,26,NULL,67),(37,27,NULL,70),(37,28,NULL,75),(37,29,NULL,79),(37,30,NULL,85),(37,31,NULL,89),(37,33,NULL,97),(37,35,NULL,104),(37,36,NULL,107),(37,38,NULL,116),(37,39,NULL,123),(37,40,NULL,130),(37,41,NULL,142),(37,43,NULL,151),(37,46,NULL,162),(37,48,NULL,173),(37,50,NULL,179),(37,53,NULL,183),(37,54,NULL,189),(37,55,NULL,193),(37,59,NULL,198),(37,62,1,NULL),(37,63,2,NULL),(37,64,3,NULL),(37,65,2,NULL),(37,66,1,NULL),(37,67,1,NULL),(37,68,3,NULL),(37,69,2,NULL),(37,70,2,NULL),(37,71,1,NULL),(37,72,3,NULL),(37,73,2,NULL),(37,74,2,NULL),(38,18,NULL,37),(38,19,NULL,43),(38,20,NULL,47),(38,22,NULL,56),(38,23,NULL,59),(38,24,NULL,61),(38,25,NULL,64),(38,26,NULL,67),(38,27,NULL,72),(38,28,NULL,76),(38,30,NULL,85),(38,31,NULL,90),(38,32,NULL,91),(38,33,NULL,97),(38,35,NULL,104),(38,36,NULL,107),(38,38,NULL,116),(38,39,NULL,123),(38,41,NULL,142),(38,43,NULL,150),(38,53,NULL,183),(38,59,NULL,198),(38,62,2,NULL),(38,63,1,NULL),(38,64,5,NULL),(38,65,2,NULL),(38,66,1,NULL),(38,67,2,NULL),(38,68,2,NULL),(38,70,0,NULL),(38,71,0,NULL),(38,72,0,NULL),(38,73,0,NULL),(39,18,NULL,37),(39,19,NULL,43),(39,20,NULL,47),(39,21,NULL,51),(39,22,NULL,55),(39,23,NULL,59),(39,24,NULL,62),(39,25,NULL,64),(39,26,NULL,67),(39,27,NULL,70),(39,28,NULL,76),(39,29,NULL,79),(39,30,NULL,85),(39,31,NULL,90),(39,32,NULL,91),(39,33,NULL,97),(39,35,NULL,104),(39,36,NULL,107),(39,38,NULL,116),(39,39,NULL,123),(39,41,NULL,142),(39,43,NULL,150),(39,46,NULL,162),(39,47,NULL,169),(39,48,NULL,172),(39,50,NULL,179),(39,53,NULL,183),(39,55,NULL,193),(39,59,NULL,198),(39,62,3,NULL),(39,63,2,NULL),(39,64,1,NULL),(39,65,1,NULL),(39,66,2,NULL),(39,67,2,NULL),(39,68,2,NULL),(39,69,3,NULL),(39,70,2,NULL),(39,71,2,NULL),(39,72,3,NULL),(39,73,2,NULL),(39,74,1.9,NULL),(40,18,NULL,39),(40,19,NULL,44),(40,20,NULL,47),(40,22,NULL,55),(40,23,NULL,58),(40,24,NULL,62),(40,25,NULL,64),(40,26,NULL,67),(40,27,NULL,70),(40,28,NULL,75),(40,29,NULL,79),(40,30,NULL,85),(40,31,NULL,90),(40,33,NULL,97),(40,35,NULL,104),(40,36,NULL,107),(40,38,NULL,116),(40,39,NULL,123),(40,40,NULL,129),(40,41,NULL,142),(40,43,NULL,150),(40,44,NULL,154),(40,45,NULL,159),(40,46,NULL,162),(40,47,NULL,169),(40,48,NULL,172),(40,50,NULL,179),(40,53,NULL,183),(40,59,NULL,198),(40,62,2,NULL),(40,63,1,NULL),(40,64,3,NULL),(40,65,1,NULL),(40,66,1,NULL),(40,67,3,NULL),(40,68,2,NULL),(40,69,2,NULL),(40,70,2,NULL),(40,71,1,NULL),(40,72,3,NULL),(40,73,2,NULL),(40,74,2,NULL),(40,75,1,NULL),(40,77,8.1,NULL),(41,18,NULL,37),(41,19,NULL,43),(41,20,NULL,47),(41,21,NULL,51),(41,22,NULL,55),(41,23,NULL,59),(41,24,NULL,62),(41,25,NULL,64),(41,26,NULL,67),(41,27,NULL,70),(41,28,NULL,76),(41,30,NULL,85),(41,31,NULL,90),(41,32,NULL,91),(41,33,NULL,97),(41,35,NULL,104),(41,36,NULL,107),(41,38,NULL,116),(41,39,NULL,123),(41,41,NULL,142),(41,43,NULL,150),(41,46,NULL,162),(41,47,NULL,169),(41,48,NULL,172),(41,53,NULL,183),(41,59,NULL,198),(41,62,2,NULL),(41,65,2,NULL),(41,66,1,NULL),(41,67,3,NULL),(41,68,2,NULL),(41,69,2,NULL),(41,70,2,NULL),(41,71,4,NULL),(41,72,3,NULL),(41,73,2,NULL),(41,74,2,NULL),(41,75,1,NULL),(42,18,NULL,37),(42,19,NULL,43),(42,20,NULL,47),(42,22,NULL,55),(42,23,NULL,59),(42,24,NULL,62),(42,25,NULL,64),(42,26,NULL,67),(42,27,NULL,70),(42,28,NULL,75),(42,30,NULL,85),(42,31,NULL,90),(42,32,NULL,91),(42,33,NULL,97),(42,35,NULL,104),(42,36,NULL,107),(42,38,NULL,116),(42,39,NULL,123),(42,41,NULL,142),(42,43,NULL,151),(42,46,NULL,162),(42,47,NULL,169),(42,48,NULL,173),(42,50,NULL,179),(42,53,NULL,183),(42,59,NULL,198),(42,62,1,NULL),(42,65,2,NULL),(42,66,1,NULL),(42,67,2,NULL),(42,68,2,NULL),(42,69,3,NULL),(42,70,2,NULL),(42,71,2,NULL),(42,72,3,NULL),(42,73,2,NULL),(42,74,2,NULL),(42,75,4,NULL),(43,18,NULL,39),(43,19,NULL,44),(43,20,NULL,47),(43,22,NULL,55),(43,23,NULL,59),(43,24,NULL,62),(43,25,NULL,64),(43,26,NULL,67),(43,27,NULL,70),(43,28,NULL,75),(43,30,NULL,86),(43,31,NULL,90),(43,33,NULL,97),(43,35,NULL,104),(43,36,NULL,107),(43,38,NULL,118),(43,39,NULL,127),(43,40,NULL,132),(43,41,NULL,142),(43,43,NULL,151),(43,44,NULL,154),(43,45,NULL,159),(43,46,NULL,162),(43,47,NULL,170),(43,48,NULL,172),(43,53,NULL,183),(43,55,NULL,193),(43,59,NULL,198),(43,62,2,NULL),(43,63,1,NULL),(43,64,3,NULL),(43,65,1,NULL),(43,66,2,NULL),(43,67,3,NULL),(43,68,2,NULL),(43,69,2,NULL),(43,70,2,NULL),(43,71,1,NULL),(43,72,2,NULL),(43,73,1,NULL),(43,74,2,NULL),(43,77,8.1,NULL),(44,18,NULL,37),(44,19,NULL,43),(44,20,NULL,47),(44,21,NULL,50),(44,22,NULL,55),(44,23,NULL,59),(44,24,NULL,62),(44,25,NULL,64),(44,26,NULL,67),(44,27,NULL,70),(44,28,NULL,75),(44,29,NULL,79),(44,31,NULL,90),(44,34,NULL,98),(44,41,NULL,142),(44,43,NULL,150),(44,44,NULL,154),(44,45,NULL,159),(44,46,NULL,162),(44,47,NULL,169),(44,48,NULL,172),(44,50,NULL,179),(44,53,NULL,183),(44,54,NULL,189),(44,55,NULL,193),(44,59,NULL,197),(44,62,2,NULL),(44,63,2,NULL),(44,64,1,NULL),(44,65,1,NULL),(44,66,2,NULL),(44,67,3,NULL),(44,69,2,NULL),(44,70,2,NULL),(44,71,1,NULL),(44,72,2,NULL),(44,73,2,NULL),(44,74,1.9,NULL),(45,18,NULL,37),(45,19,NULL,44),(45,20,NULL,47),(45,21,NULL,51),(45,22,NULL,56),(45,23,NULL,59),(45,24,NULL,62),(45,25,NULL,64),(45,26,NULL,67),(45,27,NULL,70),(45,28,NULL,78),(45,29,NULL,79),(45,30,NULL,85),(45,31,NULL,90),(45,32,NULL,91),(45,33,NULL,97),(45,35,NULL,104),(45,36,NULL,107),(45,38,NULL,121),(45,39,NULL,127),(45,41,NULL,142),(45,43,NULL,151),(45,46,NULL,162),(45,47,NULL,169),(45,48,NULL,172),(45,53,NULL,183),(45,59,NULL,198),(45,62,2,NULL),(45,63,2,NULL),(45,64,2,NULL),(45,65,1,NULL),(45,66,2,NULL),(45,67,3,NULL),(45,68,2,NULL),(45,69,3,NULL),(45,70,2,NULL),(45,71,3,NULL),(45,72,2,NULL),(45,73,3,NULL),(45,74,2,NULL),(46,18,NULL,37),(46,19,NULL,43),(46,20,NULL,47),(46,22,NULL,55),(46,23,NULL,59),(46,24,NULL,62),(46,25,NULL,64),(46,26,NULL,67),(46,27,NULL,70),(46,28,NULL,76),(46,30,NULL,85),(46,31,NULL,90),(46,32,NULL,91),(46,33,NULL,97),(46,35,NULL,104),(46,36,NULL,107),(46,38,NULL,116),(46,39,NULL,123),(46,40,NULL,131),(46,41,NULL,142),(46,43,NULL,150),(46,46,NULL,162),(46,47,NULL,169),(46,48,NULL,172),(46,50,NULL,179),(46,53,NULL,183),(46,59,NULL,198),(46,62,2,NULL),(46,63,3,NULL),(46,64,3,NULL),(46,65,4,NULL),(46,66,1,NULL),(46,67,2,NULL),(46,68,3,NULL),(46,69,2,NULL),(46,70,2,NULL),(46,71,2,NULL),(46,72,2,NULL),(46,73,2,NULL),(46,74,1.8,NULL),(47,18,NULL,38),(47,19,NULL,43),(47,20,NULL,47),(47,22,NULL,55),(47,23,NULL,58),(47,24,NULL,62),(47,25,NULL,64),(47,26,NULL,67),(47,27,NULL,70),(47,28,NULL,75),(47,30,NULL,85),(47,31,NULL,90),(47,33,NULL,97),(47,35,NULL,104),(47,36,NULL,107),(47,38,NULL,116),(47,39,NULL,123),(47,40,NULL,132),(47,41,NULL,142),(47,43,NULL,151),(47,44,NULL,154),(47,45,NULL,159),(47,46,NULL,162),(47,47,NULL,170),(47,48,NULL,173),(47,50,NULL,179),(47,53,NULL,183),(47,54,NULL,189),(47,55,NULL,193),(47,59,NULL,198),(47,62,3,NULL),(47,63,3,NULL),(47,64,3,NULL),(47,65,4,NULL),(47,66,1,NULL),(47,67,3,NULL),(47,68,3,NULL),(47,69,3,NULL),(47,70,2,NULL),(47,71,2,NULL),(47,72,2,NULL),(47,73,2,NULL),(47,74,1.7,NULL),(47,77,7.2,NULL),(48,18,NULL,37),(48,19,NULL,43),(48,20,NULL,47),(48,21,NULL,51),(48,22,NULL,56),(48,23,NULL,59),(48,24,NULL,62),(48,25,NULL,64),(48,28,NULL,76),(48,30,NULL,85),(48,31,NULL,90),(48,32,NULL,91),(48,33,NULL,97),(48,35,NULL,104),(48,36,NULL,107),(48,38,NULL,116),(48,39,NULL,123),(48,40,NULL,129),(48,41,NULL,143),(48,42,NULL,145),(48,43,NULL,150),(48,46,NULL,162),(48,47,NULL,169),(48,48,NULL,172),(48,50,NULL,179),(48,53,NULL,183),(48,59,NULL,198),(48,62,3,NULL),(48,63,3,NULL),(48,64,3,NULL),(48,65,2,NULL),(48,66,2,NULL),(48,67,3,NULL),(48,68,3,NULL),(48,69,3,NULL),(48,70,3,NULL),(48,71,3,NULL),(48,72,3,NULL),(48,73,3,NULL),(48,74,2,NULL),(49,18,NULL,37),(49,19,NULL,43),(49,20,NULL,47),(49,21,NULL,51),(49,22,NULL,56),(49,23,NULL,59),(49,24,NULL,62),(49,25,NULL,64),(49,26,NULL,67),(49,27,NULL,70),(49,28,NULL,76),(49,30,NULL,85),(49,31,NULL,90),(49,32,NULL,91),(49,33,NULL,97),(49,35,NULL,104),(49,36,NULL,107),(49,38,NULL,116),(49,39,NULL,123),(49,41,NULL,142),(49,43,NULL,150),(49,46,NULL,162),(49,47,NULL,169),(49,48,NULL,172),(49,53,NULL,183),(49,59,NULL,198),(49,62,3,NULL),(49,63,4,NULL),(49,64,3,NULL),(49,65,2,NULL),(49,66,2,NULL),(49,67,4,NULL),(49,68,2,NULL),(49,69,2,NULL),(49,70,2,NULL),(49,71,2,NULL),(49,72,2,NULL),(49,73,3,NULL),(49,74,2,NULL),(49,75,2,NULL),(50,18,NULL,37),(50,19,NULL,43),(50,20,NULL,47),(50,21,NULL,50),(50,22,NULL,56),(50,23,NULL,59),(50,24,NULL,62),(50,25,NULL,64),(50,26,NULL,67),(50,28,NULL,76),(50,30,NULL,85),(50,31,NULL,90),(50,32,NULL,91),(50,33,NULL,97),(50,35,NULL,104),(50,36,NULL,107),(50,38,NULL,116),(50,39,NULL,123),(50,41,NULL,142),(50,42,NULL,145),(50,43,NULL,150),(50,46,NULL,166),(50,47,NULL,169),(50,53,NULL,183),(50,59,NULL,198),(50,62,2,NULL),(50,63,4,NULL),(50,64,3,NULL),(50,65,3,NULL),(50,66,2,NULL),(50,67,4,NULL),(50,68,3,NULL),(50,69,3,NULL),(50,70,2,NULL),(50,71,3,NULL),(50,72,2,NULL),(50,73,3,NULL),(50,74,2,NULL),(51,18,NULL,37),(51,19,NULL,43),(51,20,NULL,47),(51,21,NULL,50),(51,22,NULL,56),(51,23,NULL,59),(51,24,NULL,62),(51,25,NULL,64),(51,26,NULL,67),(51,27,NULL,70),(51,28,NULL,76),(51,30,NULL,85),(51,31,NULL,89),(51,33,NULL,97),(51,35,NULL,104),(51,36,NULL,107),(51,38,NULL,116),(51,39,NULL,123),(51,40,NULL,129),(51,41,NULL,142),(51,43,NULL,151),(51,44,NULL,154),(51,45,NULL,159),(51,46,NULL,162),(51,47,NULL,169),(51,48,NULL,172),(51,49,NULL,176),(51,50,NULL,179),(51,53,NULL,183),(51,54,NULL,189),(51,55,NULL,193),(51,59,NULL,198),(51,62,2,NULL),(51,63,3,NULL),(51,64,3,NULL),(51,65,2,NULL),(51,66,2,NULL),(51,67,2,NULL),(51,68,2,NULL),(51,69,2,NULL),(51,70,2,NULL),(51,71,1,NULL),(51,72,2,NULL),(51,73,2,NULL),(51,74,2,NULL),(52,18,NULL,38),(52,19,NULL,43),(52,20,NULL,47),(52,22,NULL,55),(52,23,NULL,58),(52,24,NULL,62),(52,25,NULL,65),(52,26,NULL,67),(52,27,NULL,70),(52,28,NULL,75),(52,30,NULL,85),(52,31,NULL,90),(52,33,NULL,97),(52,35,NULL,104),(52,36,NULL,107),(52,38,NULL,116),(52,39,NULL,123),(52,41,NULL,142),(52,43,NULL,151),(52,44,NULL,154),(52,45,NULL,159),(52,46,NULL,162),(52,47,NULL,169),(52,48,NULL,172),(52,49,NULL,176),(52,50,NULL,179),(52,53,NULL,183),(52,54,NULL,189),(52,55,NULL,193),(52,59,NULL,198),(52,62,1,NULL),(52,63,2,NULL),(52,64,3,NULL),(52,65,1,NULL),(52,66,2,NULL),(52,67,2,NULL),(52,68,2,NULL),(52,69,2,NULL),(52,70,2,NULL),(52,71,1,NULL),(52,72,3,NULL),(52,73,2,NULL),(52,74,2.1,NULL),(52,75,3,NULL),(53,18,NULL,37),(53,19,NULL,43),(53,20,NULL,47),(53,22,NULL,55),(53,23,NULL,58),(53,24,NULL,61),(53,26,NULL,67),(53,27,NULL,70),(53,28,NULL,76),(53,30,NULL,85),(53,31,NULL,90),(53,33,NULL,97),(53,35,NULL,104),(53,36,NULL,107),(53,38,NULL,116),(53,39,NULL,123),(53,41,NULL,142),(53,43,NULL,151),(53,44,NULL,154),(53,45,NULL,159),(53,46,NULL,162),(53,47,NULL,169),(53,48,NULL,172),(53,55,NULL,193),(53,59,NULL,198),(53,62,1,NULL),(53,63,2,NULL),(53,64,3,NULL),(53,65,3,NULL),(53,66,2,NULL),(53,67,3,NULL),(53,68,2,NULL),(53,69,3,NULL),(53,70,2,NULL),(53,71,3,NULL),(53,72,2,NULL),(53,73,3,NULL),(53,74,1.5,NULL),(53,75,2,NULL),(54,18,NULL,37),(54,19,NULL,43),(54,20,NULL,47),(54,22,NULL,56),(54,23,NULL,58),(54,24,NULL,62),(54,25,NULL,64),(54,26,NULL,67),(54,27,NULL,70),(54,28,NULL,75),(54,30,NULL,85),(54,31,NULL,90),(54,33,NULL,97),(54,35,NULL,104),(54,36,NULL,107),(54,38,NULL,116),(54,39,NULL,123),(54,40,NULL,130),(54,41,NULL,142),(54,42,NULL,145),(54,43,NULL,150),(54,46,NULL,163),(54,53,NULL,183),(54,55,NULL,193),(54,59,NULL,198),(54,62,2,NULL),(54,63,2,NULL),(54,64,2,NULL),(54,65,4,NULL),(54,66,2,NULL),(54,67,3,NULL),(54,68,3,NULL),(54,69,2,NULL),(54,70,2,NULL),(54,71,2,NULL),(54,72,0,NULL),(54,73,0,NULL),(54,75,4,NULL),(55,18,NULL,37),(55,19,NULL,44),(55,20,NULL,47),(55,21,NULL,50),(55,22,NULL,55),(55,23,NULL,59),(55,24,NULL,62),(55,25,NULL,66),(55,26,NULL,69),(55,27,NULL,70),(55,28,NULL,76),(55,29,NULL,81),(55,30,NULL,85),(55,31,NULL,90),(55,32,NULL,91),(55,33,NULL,97),(55,35,NULL,104),(55,36,NULL,107),(55,38,NULL,121),(55,39,NULL,127),(55,41,NULL,142),(55,43,NULL,150),(55,46,NULL,162),(55,47,NULL,170),(55,48,NULL,173),(55,53,NULL,183),(55,59,NULL,198),(55,62,2,NULL),(55,63,4,NULL),(55,64,3,NULL),(55,65,3,NULL),(55,66,1,NULL),(55,67,2,NULL),(55,68,2,NULL),(55,69,2,NULL),(55,70,1,NULL),(55,71,2,NULL),(55,72,1,NULL),(55,73,2,NULL),(55,74,1.9,NULL),(55,75,4,NULL),(56,18,NULL,37),(56,19,NULL,43),(56,20,NULL,47),(56,21,NULL,50),(56,22,NULL,56),(56,23,NULL,59),(56,24,NULL,62),(56,25,NULL,64),(56,26,NULL,67),(56,27,NULL,70),(56,28,NULL,76),(56,30,NULL,84),(56,31,NULL,90),(56,32,NULL,93),(56,33,NULL,97),(56,35,NULL,104),(56,36,NULL,107),(56,38,NULL,116),(56,39,NULL,123),(56,40,NULL,129),(56,41,NULL,142),(56,42,NULL,145),(56,43,NULL,150),(56,46,NULL,162),(56,47,NULL,169),(56,53,NULL,183),(56,59,NULL,198),(56,62,2,NULL),(56,63,2,NULL),(56,64,2,NULL),(56,65,3,NULL),(56,66,1,NULL),(56,67,1,NULL),(56,68,2,NULL),(56,69,1,NULL),(56,70,1,NULL),(56,71,2,NULL),(56,72,2,NULL),(56,73,3,NULL),(56,74,2,NULL),(56,75,1,NULL),(57,18,NULL,37),(57,19,NULL,43),(57,20,NULL,47),(57,21,NULL,50),(57,22,NULL,56),(57,23,NULL,59),(57,24,NULL,62),(57,25,NULL,64),(57,26,NULL,67),(57,27,NULL,70),(57,28,NULL,76),(57,29,NULL,79),(57,30,NULL,85),(57,31,NULL,90),(57,32,NULL,91),(57,33,NULL,97),(57,35,NULL,104),(57,36,NULL,107),(57,38,NULL,116),(57,39,NULL,123),(57,40,NULL,129),(57,41,NULL,142),(57,42,NULL,145),(57,43,NULL,150),(57,46,NULL,162),(57,47,NULL,169),(57,53,NULL,183),(57,59,NULL,198),(57,62,2,NULL),(57,63,3,NULL),(57,64,2,NULL),(57,65,3,NULL),(57,66,2,NULL),(57,67,2,NULL),(57,68,2,NULL),(57,69,1,NULL),(57,70,1,NULL),(57,71,2,NULL),(57,72,2,NULL),(57,73,3,NULL),(57,74,2,NULL),(57,75,1,NULL),(58,18,NULL,38),(58,19,NULL,43),(58,20,NULL,47),(58,21,NULL,50),(58,22,NULL,56),(58,23,NULL,58),(58,24,NULL,62),(58,25,NULL,64),(58,26,NULL,67),(58,27,NULL,70),(58,28,NULL,75),(58,30,NULL,85),(58,31,NULL,90),(58,33,NULL,97),(58,35,NULL,104),(58,36,NULL,107),(58,38,NULL,116),(58,39,NULL,123),(58,40,NULL,130),(58,41,NULL,142),(58,42,NULL,146),(58,43,NULL,150),(58,44,NULL,154),(58,45,NULL,159),(58,53,NULL,183),(58,59,NULL,198),(58,62,2,NULL),(58,63,2,NULL),(58,64,2,NULL),(58,65,3,NULL),(58,66,2,NULL),(58,67,2,NULL),(58,68,2,NULL),(58,69,3,NULL),(58,70,1,NULL),(58,71,2,NULL),(58,72,0,NULL),(58,73,0,NULL),(59,18,NULL,40),(59,19,NULL,44),(59,20,NULL,48),(59,21,NULL,51),(59,22,NULL,56),(59,23,NULL,59),(59,24,NULL,62),(59,25,NULL,65),(59,26,NULL,68),(59,27,NULL,70),(59,28,NULL,77),(59,30,NULL,85),(59,31,NULL,89),(59,33,NULL,97),(59,35,NULL,104),(59,36,NULL,107),(59,38,NULL,121),(59,39,NULL,127),(59,40,NULL,133),(59,41,NULL,142),(59,42,NULL,148),(59,43,NULL,151),(59,44,NULL,154),(59,45,NULL,159),(59,46,NULL,162),(59,47,NULL,169),(59,48,NULL,172),(59,53,NULL,183),(59,59,NULL,198),(59,62,2,NULL),(59,63,2,NULL),(59,64,2,NULL),(59,65,2,NULL),(59,66,2,NULL),(59,67,2,NULL),(59,68,2,NULL),(59,69,4,NULL),(59,70,1,NULL),(59,71,2,NULL),(59,72,1,NULL),(59,73,2,NULL),(59,74,1.8,NULL),(60,18,NULL,37),(60,19,NULL,43),(60,20,NULL,48),(60,21,NULL,51),(60,22,NULL,56),(60,23,NULL,59),(60,24,NULL,62),(60,25,NULL,64),(60,26,NULL,67),(60,28,NULL,76),(60,29,NULL,80),(60,30,NULL,85),(60,31,NULL,89),(60,33,NULL,97),(60,35,NULL,104),(60,36,NULL,107),(60,38,NULL,121),(60,39,NULL,127),(60,40,NULL,129),(60,41,NULL,142),(60,43,NULL,150),(60,46,NULL,162),(60,47,NULL,169),(60,48,NULL,172),(60,53,NULL,183),(60,55,NULL,193),(60,59,NULL,198),(60,62,3,NULL),(60,63,3,NULL),(60,64,2,NULL),(60,65,3,NULL),(60,66,2,NULL),(60,67,2,NULL),(60,68,3,NULL),(60,69,3,NULL),(60,70,1,NULL),(60,71,2,NULL),(60,72,2,NULL),(60,73,2,NULL),(60,74,1.8,NULL),(61,18,NULL,37),(61,19,NULL,43),(61,20,NULL,48),(61,21,NULL,51),(61,22,NULL,56),(61,23,NULL,59),(61,24,NULL,62),(61,25,NULL,64),(61,26,NULL,67),(61,28,NULL,76),(61,29,NULL,80),(61,30,NULL,85),(61,31,NULL,89),(61,33,NULL,97),(61,35,NULL,104),(61,36,NULL,107),(61,38,NULL,121),(61,39,NULL,127),(61,40,NULL,131),(61,41,NULL,142),(61,43,NULL,150),(61,46,NULL,162),(61,47,NULL,169),(61,48,NULL,172),(61,53,NULL,183),(61,59,NULL,198),(61,62,3,NULL),(61,63,3,NULL),(61,64,2,NULL),(61,65,2,NULL),(61,66,2,NULL),(61,67,2,NULL),(61,68,2,NULL),(61,69,2,NULL),(61,70,1,NULL),(61,71,2,NULL),(61,72,2,NULL),(61,73,2,NULL),(61,74,1.9,NULL),(61,75,1,NULL),(62,18,NULL,37),(62,19,NULL,43),(62,20,NULL,47),(62,22,NULL,56),(62,23,NULL,58),(62,24,NULL,62),(62,25,NULL,64),(62,26,NULL,67),(62,27,NULL,70),(62,28,NULL,75),(62,30,NULL,85),(62,31,NULL,89),(62,33,NULL,97),(62,35,NULL,104),(62,36,NULL,107),(62,38,NULL,118),(62,39,NULL,123),(62,41,NULL,142),(62,43,NULL,149),(62,44,NULL,154),(62,45,NULL,159),(62,46,NULL,162),(62,47,NULL,170),(62,48,NULL,172),(62,53,NULL,183),(62,54,NULL,189),(62,55,NULL,194),(62,59,NULL,198),(62,62,2,NULL),(62,63,2,NULL),(62,64,2,NULL),(62,65,4,NULL),(62,66,1,NULL),(62,67,2,NULL),(62,68,2,NULL),(62,69,3,NULL),(62,70,2,NULL),(62,71,2,NULL),(62,72,2,NULL),(62,73,2,NULL),(62,74,2,NULL),(63,18,NULL,38),(63,19,NULL,43),(63,20,NULL,47),(63,22,NULL,55),(63,23,NULL,58),(63,24,NULL,62),(63,25,NULL,64),(63,26,NULL,69),(63,27,NULL,70),(63,28,NULL,75),(63,29,NULL,79),(63,30,NULL,85),(63,31,NULL,90),(63,32,NULL,93),(63,33,NULL,97),(63,34,NULL,99),(63,35,NULL,105),(63,36,NULL,107),(63,38,NULL,116),(63,39,NULL,123),(63,40,NULL,129),(63,41,NULL,142),(63,43,NULL,150),(63,46,NULL,162),(63,53,NULL,184),(63,54,NULL,189),(63,59,NULL,198),(63,62,2,NULL),(63,63,2,NULL),(63,64,2,NULL),(63,65,2,NULL),(63,66,2,NULL),(63,67,2,NULL),(63,68,2,NULL),(63,69,3,NULL),(63,70,2,NULL),(63,71,1,NULL),(63,72,2,NULL),(63,73,3,NULL),(63,74,1.8,NULL),(64,18,NULL,38),(64,19,NULL,43),(64,20,NULL,47),(64,22,NULL,55),(64,23,NULL,58),(64,24,NULL,62),(64,25,NULL,64),(64,26,NULL,67),(64,27,NULL,70),(64,28,NULL,76),(64,29,NULL,79),(64,30,NULL,85),(64,31,NULL,90),(64,33,NULL,97),(64,35,NULL,104),(64,36,NULL,107),(64,38,NULL,116),(64,39,NULL,123),(64,40,NULL,129),(64,41,NULL,142),(64,43,NULL,150),(64,44,NULL,154),(64,45,NULL,159),(64,46,NULL,162),(64,53,NULL,183),(64,54,NULL,189),(64,59,NULL,198),(64,62,3,NULL),(64,63,2,NULL),(64,64,3,NULL),(64,65,2,NULL),(64,66,2,NULL),(64,67,2,NULL),(64,68,2,NULL),(64,69,2,NULL),(64,70,2,NULL),(64,71,2,NULL),(64,72,2,NULL),(64,73,2,NULL),(64,74,2.5,NULL),(65,18,NULL,37),(65,19,NULL,43),(65,20,NULL,49),(65,21,NULL,51),(65,22,NULL,55),(65,23,NULL,59),(65,24,NULL,62),(65,25,NULL,64),(65,26,NULL,67),(65,27,NULL,70),(65,28,NULL,76),(65,30,NULL,85),(65,31,NULL,90),(65,32,NULL,91),(65,33,NULL,97),(65,35,NULL,104),(65,36,NULL,107),(65,38,NULL,116),(65,39,NULL,123),(65,41,NULL,142),(65,43,NULL,150),(65,46,NULL,162),(65,48,NULL,173),(65,53,NULL,183),(65,55,NULL,193),(65,59,NULL,198),(65,62,2,NULL),(65,63,2,NULL),(65,64,3,NULL),(65,65,3,NULL),(65,66,1,NULL),(65,67,2,NULL),(65,68,3,NULL),(65,70,1,NULL),(65,71,2,NULL),(65,72,1,NULL),(65,73,0,NULL),(65,74,2.3,NULL),(65,76,1.9,NULL),(66,18,NULL,37),(66,19,NULL,43),(66,20,NULL,47),(66,21,NULL,51),(66,22,NULL,56),(66,23,NULL,59),(66,24,NULL,62),(66,25,NULL,64),(66,26,NULL,67),(66,27,NULL,70),(66,28,NULL,76),(66,30,NULL,85),(66,31,NULL,90),(66,32,NULL,91),(66,33,NULL,97),(66,35,NULL,104),(66,36,NULL,107),(66,38,NULL,116),(66,39,NULL,123),(66,40,NULL,129),(66,41,NULL,142),(66,43,NULL,151),(66,46,NULL,162),(66,47,NULL,169),(66,48,NULL,172),(66,53,NULL,183),(66,55,NULL,193),(66,59,NULL,198),(66,62,3,NULL),(66,63,4,NULL),(66,64,2,NULL),(66,65,2,NULL),(66,66,1,NULL),(66,67,2,NULL),(66,68,2,NULL),(66,69,3,NULL),(66,70,2,NULL),(66,71,3,NULL),(66,72,2,NULL),(66,73,3,NULL),(66,74,1.8,NULL),(66,75,1,NULL),(67,18,NULL,38),(67,19,NULL,43),(67,20,NULL,48),(67,21,NULL,50),(67,22,NULL,56),(67,23,NULL,59),(67,24,NULL,62),(67,25,NULL,66),(67,26,NULL,69),(67,28,NULL,76),(67,30,NULL,84),(67,31,NULL,89),(67,33,NULL,97),(67,35,NULL,105),(67,36,NULL,107),(67,38,NULL,116),(67,39,NULL,123),(67,40,NULL,130),(67,41,NULL,142),(67,43,NULL,150),(67,44,NULL,154),(67,45,NULL,159),(67,46,NULL,162),(67,47,NULL,169),(67,48,NULL,172),(67,53,NULL,183),(67,55,NULL,193),(67,59,NULL,198),(67,62,3,NULL),(67,63,3,NULL),(67,64,2,NULL),(67,65,2,NULL),(67,66,2,NULL),(67,67,3,NULL),(67,68,3,NULL),(67,69,2,NULL),(67,70,2,NULL),(67,71,2,NULL),(67,72,3,NULL),(67,73,2,NULL),(67,74,1.8,NULL),(68,18,NULL,37),(68,19,NULL,43),(68,20,NULL,47),(68,21,NULL,51),(68,22,NULL,56),(68,23,NULL,59),(68,24,NULL,62),(68,25,NULL,64),(68,26,NULL,67),(68,27,NULL,70),(68,28,NULL,76),(68,29,NULL,79),(68,30,NULL,85),(68,31,NULL,90),(68,32,NULL,91),(68,33,NULL,96),(68,35,NULL,104),(68,36,NULL,107),(68,38,NULL,116),(68,39,NULL,123),(68,40,NULL,129),(68,41,NULL,142),(68,42,NULL,145),(68,43,NULL,150),(68,46,NULL,162),(68,47,NULL,169),(68,48,NULL,173),(68,53,NULL,185),(68,55,NULL,193),(68,59,NULL,198),(68,62,3,NULL),(68,63,3,NULL),(68,64,2,NULL),(68,65,2,NULL),(68,66,2,NULL),(68,67,2,NULL),(68,68,2,NULL),(68,69,2,NULL),(68,70,2,NULL),(68,71,2,NULL),(68,72,2,NULL),(68,73,3,NULL),(69,18,NULL,38),(69,19,NULL,43),(69,20,NULL,48),(69,22,NULL,55),(69,23,NULL,58),(69,24,NULL,62),(69,25,NULL,64),(69,26,NULL,67),(69,27,NULL,70),(69,28,NULL,76),(69,30,NULL,84),(69,31,NULL,89),(69,33,NULL,97),(69,35,NULL,104),(69,36,NULL,107),(69,38,NULL,116),(69,39,NULL,123),(69,40,NULL,129),(69,41,NULL,142),(69,43,NULL,150),(69,44,NULL,154),(69,45,NULL,159),(69,46,NULL,162),(69,53,NULL,183),(69,55,NULL,193),(69,59,NULL,198),(69,62,2,NULL),(69,63,3,NULL),(69,64,3,NULL),(69,65,3,NULL),(69,66,1,NULL),(69,67,2,NULL),(69,68,2,NULL),(69,69,2,NULL),(69,70,2,NULL),(69,71,2,NULL),(69,72,2,NULL),(69,73,3,NULL),(69,74,2.6,NULL),(69,75,1,NULL),(70,18,NULL,37),(70,19,NULL,43),(70,20,NULL,47),(70,22,NULL,55),(70,23,NULL,59),(70,24,NULL,62),(70,25,NULL,64),(70,26,NULL,67),(70,27,NULL,70),(70,28,NULL,76),(70,30,NULL,85),(70,31,NULL,89),(70,32,NULL,91),(70,33,NULL,97),(70,35,NULL,104),(70,36,NULL,107),(70,38,NULL,116),(70,39,NULL,123),(70,41,NULL,142),(70,43,NULL,150),(70,44,NULL,154),(70,45,NULL,159),(70,46,NULL,162),(70,47,NULL,169),(70,48,NULL,172),(70,53,NULL,183),(70,59,NULL,198),(70,62,3,NULL),(70,63,2,NULL),(70,64,3,NULL),(70,65,3,NULL),(70,66,1,NULL),(70,67,1,NULL),(70,68,2,NULL),(70,69,2,NULL),(70,70,2,NULL),(70,71,3,NULL),(70,72,1,NULL),(70,73,3,NULL),(70,74,2,NULL),(70,75,1,NULL),(71,18,NULL,37),(71,19,NULL,43),(71,20,NULL,47),(71,22,NULL,55),(71,23,NULL,59),(71,24,NULL,62),(71,25,NULL,64),(71,26,NULL,67),(71,27,NULL,70),(71,28,NULL,75),(71,30,NULL,84),(71,31,NULL,90),(71,33,NULL,97),(71,35,NULL,104),(71,36,NULL,107),(71,38,NULL,121),(71,39,NULL,127),(71,40,NULL,129),(71,41,NULL,142),(71,42,NULL,145),(71,43,NULL,150),(71,44,NULL,154),(71,45,NULL,159),(71,46,NULL,162),(71,53,NULL,183),(71,59,NULL,198),(71,62,3,NULL),(71,63,2,NULL),(71,64,3,NULL),(71,65,4,NULL),(71,66,1,NULL),(71,67,2,NULL),(71,68,3,NULL),(71,70,0,NULL),(71,71,0,NULL),(71,72,2,NULL),(71,73,2,NULL),(71,74,2,NULL),(71,77,6.6,NULL),(72,18,NULL,38),(72,19,NULL,44),(72,20,NULL,48),(72,22,NULL,55),(72,23,NULL,58),(72,24,NULL,62),(72,25,NULL,64),(72,26,NULL,67),(72,27,NULL,70),(72,28,NULL,76),(72,29,NULL,79),(72,30,NULL,85),(72,31,NULL,89),(72,33,NULL,97),(72,35,NULL,104),(72,36,NULL,107),(72,38,NULL,116),(72,39,NULL,123),(72,40,NULL,129),(72,41,NULL,142),(72,42,NULL,145),(72,43,NULL,150),(72,44,NULL,154),(72,45,NULL,159),(72,46,NULL,162),(72,53,NULL,183),(72,54,NULL,189),(72,55,NULL,193),(72,59,NULL,197),(72,62,2,NULL),(72,63,3,NULL),(72,64,3,NULL),(72,65,2,NULL),(72,66,1,NULL),(72,67,2,NULL),(72,68,2,NULL),(72,69,2,NULL),(72,70,2,NULL),(72,71,2,NULL),(72,72,2,NULL),(72,73,2,NULL),(72,74,2.5,NULL),(73,18,NULL,37),(73,19,NULL,43),(73,20,NULL,48),(73,22,NULL,56),(73,23,NULL,59),(73,24,NULL,62),(73,25,NULL,64),(73,26,NULL,67),(73,27,NULL,70),(73,28,NULL,75),(73,30,NULL,85),(73,31,NULL,89),(73,33,NULL,97),(73,35,NULL,104),(73,36,NULL,107),(73,38,NULL,121),(73,39,NULL,127),(73,41,NULL,142),(73,43,NULL,150),(73,44,NULL,154),(73,45,NULL,159),(73,46,NULL,162),(73,47,NULL,169),(73,48,NULL,172),(73,49,NULL,176),(73,50,NULL,179),(73,53,NULL,183),(73,54,NULL,189),(73,55,NULL,194),(73,59,NULL,198),(73,62,2,NULL),(73,63,2,NULL),(73,64,2,NULL),(73,65,3,NULL),(73,66,2,NULL),(73,67,2,NULL),(73,68,3,NULL),(73,69,2,NULL),(73,70,2,NULL),(73,71,1,NULL),(73,72,2,NULL),(73,73,1,NULL),(73,74,1.7,NULL),(74,18,NULL,37),(74,19,NULL,43),(74,20,NULL,47),(74,21,NULL,51),(74,22,NULL,56),(74,23,NULL,59),(74,24,NULL,62),(74,25,NULL,64),(74,26,NULL,67),(74,28,NULL,75),(74,29,NULL,80),(74,36,NULL,107),(74,38,NULL,117),(74,39,NULL,123),(74,40,NULL,130),(74,41,NULL,142),(74,42,NULL,145),(74,43,NULL,150),(74,54,NULL,189),(74,59,NULL,198),(74,62,2,NULL),(74,63,3,NULL),(74,64,2,NULL),(74,65,2,NULL),(74,66,1,NULL),(74,67,4,NULL),(74,70,0,NULL),(74,71,0,NULL),(74,72,0,NULL),(74,73,0,NULL),(75,18,NULL,37),(75,19,NULL,43),(75,20,NULL,47),(75,22,NULL,56),(75,23,NULL,59),(75,24,NULL,62),(75,25,NULL,64),(75,26,NULL,67),(75,27,NULL,70),(75,28,NULL,76),(75,30,NULL,85),(75,31,NULL,89),(75,33,NULL,97),(75,35,NULL,104),(75,36,NULL,107),(75,38,NULL,116),(75,39,NULL,123),(75,40,NULL,130),(75,41,NULL,142),(75,43,NULL,150),(75,46,NULL,162),(75,47,NULL,169),(75,48,NULL,172),(75,53,NULL,183),(75,54,NULL,189),(75,59,NULL,198),(75,62,2,NULL),(75,63,2,NULL),(75,64,2,NULL),(75,65,2,NULL),(75,66,1,NULL),(75,67,1,NULL),(75,68,2,NULL),(75,69,3,NULL),(75,70,2,NULL),(75,71,2,NULL),(75,72,2,NULL),(75,73,3,NULL),(75,74,1.8,NULL),(76,18,NULL,37),(76,19,NULL,43),(76,20,NULL,47),(76,21,NULL,51),(76,22,NULL,56),(76,23,NULL,58),(76,24,NULL,62),(76,25,NULL,64),(76,26,NULL,67),(76,27,NULL,70),(76,28,NULL,75),(76,30,NULL,85),(76,31,NULL,89),(76,33,NULL,97),(76,34,NULL,98),(76,35,NULL,105),(76,36,NULL,107),(76,38,NULL,121),(76,39,NULL,127),(76,40,NULL,133),(76,41,NULL,142),(76,42,NULL,148),(76,43,NULL,151),(76,44,NULL,154),(76,45,NULL,159),(76,46,NULL,162),(76,47,NULL,169),(76,48,NULL,172),(76,53,NULL,183),(76,54,NULL,189),(76,59,NULL,198),(76,62,3,NULL),(76,63,2,NULL),(76,64,3,NULL),(76,65,3,NULL),(76,66,2,NULL),(76,67,2,NULL),(76,68,2,NULL),(76,69,2,NULL),(76,70,1,NULL),(76,71,2,NULL),(76,72,1,NULL),(76,73,2,NULL),(76,74,1.8,NULL),(77,18,NULL,37),(77,19,NULL,43),(77,20,NULL,47),(77,22,NULL,56),(77,23,NULL,59),(77,24,NULL,62),(77,25,NULL,64),(77,26,NULL,67),(77,27,NULL,70),(77,28,NULL,76),(77,30,NULL,85),(77,31,NULL,90),(77,33,NULL,97),(77,35,NULL,105),(77,36,NULL,107),(77,38,NULL,116),(77,39,NULL,123),(77,41,NULL,142),(77,43,NULL,150),(77,46,NULL,162),(77,47,NULL,169),(77,48,NULL,172),(77,53,NULL,183),(77,59,NULL,198),(77,62,3,NULL),(77,63,2,NULL),(77,64,2,NULL),(77,65,3,NULL),(77,66,2,NULL),(77,67,3,NULL),(77,68,2,NULL),(77,69,3,NULL),(77,70,1,NULL),(77,71,2,NULL),(77,72,2,NULL),(77,73,2,NULL),(77,74,1.8,NULL),(77,75,2,NULL),(78,18,NULL,37),(78,19,NULL,44),(78,20,NULL,47),(78,21,NULL,51),(78,22,NULL,56),(78,23,NULL,59),(78,24,NULL,62),(78,25,NULL,66),(78,26,NULL,67),(78,27,NULL,70),(78,28,NULL,76),(78,30,NULL,85),(78,31,NULL,90),(78,32,NULL,91),(78,33,NULL,97),(78,35,NULL,105),(78,36,NULL,107),(78,38,NULL,121),(78,39,NULL,127),(78,40,NULL,130),(78,41,NULL,142),(78,43,NULL,150),(78,46,NULL,162),(78,47,NULL,169),(78,48,NULL,174),(78,53,NULL,183),(78,59,NULL,198),(78,62,2,NULL),(78,63,3,NULL),(78,64,2,NULL),(78,65,1,NULL),(78,66,1,NULL),(78,67,3,NULL),(78,68,2,NULL),(78,69,2,NULL),(78,70,1,NULL),(78,71,2,NULL),(78,72,1,NULL),(78,73,2,NULL),(78,74,2,NULL),(78,75,2,NULL),(79,18,NULL,37),(79,19,NULL,43),(79,20,NULL,47),(79,21,NULL,51),(79,22,NULL,55),(79,23,NULL,59),(79,24,NULL,62),(79,25,NULL,64),(79,26,NULL,67),(79,27,NULL,70),(79,28,NULL,76),(79,30,NULL,85),(79,31,NULL,90),(79,32,NULL,91),(79,33,NULL,97),(79,34,NULL,99),(79,35,NULL,105),(79,36,NULL,107),(79,38,NULL,116),(79,39,NULL,123),(79,40,NULL,130),(79,41,NULL,142),(79,43,NULL,150),(79,46,NULL,162),(79,47,NULL,169),(79,48,NULL,172),(79,53,NULL,184),(79,59,NULL,198),(79,62,3,NULL),(79,63,2,NULL),(79,64,4,NULL),(79,65,4,NULL),(79,66,1,NULL),(79,67,3,NULL),(79,68,3,NULL),(79,69,3,NULL),(79,70,2,NULL),(79,71,3,NULL),(79,72,2,NULL),(79,73,3,NULL),(79,74,2,NULL),(80,18,NULL,37),(80,19,NULL,43),(80,20,NULL,47),(80,21,NULL,51),(80,22,NULL,56),(80,23,NULL,59),(80,24,NULL,62),(80,25,NULL,64),(80,26,NULL,67),(80,27,NULL,70),(80,28,NULL,76),(80,30,NULL,85),(80,31,NULL,90),(80,32,NULL,91),(80,33,NULL,97),(80,35,NULL,105),(80,36,NULL,107),(80,38,NULL,116),(80,39,NULL,123),(80,40,NULL,129),(80,41,NULL,142),(80,43,NULL,150),(80,46,NULL,162),(80,47,NULL,169),(80,48,NULL,172),(80,53,NULL,183),(80,59,NULL,198),(80,62,2,NULL),(80,63,3,NULL),(80,64,2,NULL),(80,65,2,NULL),(80,66,1,NULL),(80,67,3,NULL),(80,68,2,NULL),(80,69,3,NULL),(80,70,1,NULL),(80,71,2,NULL),(80,72,2,NULL),(80,73,3,NULL),(80,74,1.5,NULL),(80,75,4,NULL),(81,18,NULL,38),(81,19,NULL,43),(81,20,NULL,47),(81,22,NULL,55),(81,23,NULL,58),(81,24,NULL,62),(81,25,NULL,64),(81,26,NULL,67),(81,27,NULL,70),(81,28,NULL,76),(81,30,NULL,84),(81,31,NULL,90),(81,33,NULL,97),(81,34,NULL,99),(81,35,NULL,105),(81,36,NULL,107),(81,38,NULL,116),(81,39,NULL,123),(81,40,NULL,129),(81,41,NULL,142),(81,42,NULL,146),(81,43,NULL,150),(81,44,NULL,154),(81,45,NULL,159),(81,46,NULL,162),(81,53,NULL,184),(81,54,NULL,189),(81,59,NULL,198),(81,62,3,NULL),(81,63,2,NULL),(81,64,2,NULL),(81,65,2,NULL),(81,66,1,NULL),(81,67,3,NULL),(81,68,3,NULL),(81,69,2,NULL),(81,70,2,NULL),(81,71,2,NULL),(81,72,2,NULL),(81,73,3,NULL),(81,74,2.8,NULL),(82,18,NULL,37),(82,19,NULL,43),(82,20,NULL,47),(82,22,NULL,55),(82,23,NULL,59),(82,24,NULL,62),(82,25,NULL,64),(82,26,NULL,67),(82,27,NULL,70),(82,28,NULL,76),(82,30,NULL,85),(82,31,NULL,90),(82,32,NULL,91),(82,33,NULL,97),(82,35,NULL,104),(82,36,NULL,107),(82,38,NULL,116),(82,39,NULL,123),(82,40,NULL,129),(82,41,NULL,142),(82,42,NULL,145),(82,43,NULL,150),(82,46,NULL,166),(82,47,NULL,169),(82,53,NULL,183),(82,54,NULL,189),(82,59,NULL,198),(82,62,3,NULL),(82,63,3,NULL),(82,64,2,NULL),(82,65,3,NULL),(82,66,2,NULL),(82,67,2,NULL),(82,68,2,NULL),(82,69,3,NULL),(82,70,2,NULL),(82,71,3,NULL),(82,72,2,NULL),(82,73,3,NULL),(82,74,1.8,NULL),(83,18,NULL,37),(83,19,NULL,43),(83,20,NULL,47),(83,21,NULL,51),(83,22,NULL,56),(83,23,NULL,59),(83,24,NULL,62),(83,25,NULL,64),(83,26,NULL,67),(83,27,NULL,70),(83,28,NULL,76),(83,30,NULL,85),(83,31,NULL,90),(83,32,NULL,91),(83,33,NULL,97),(83,35,NULL,104),(83,36,NULL,107),(83,38,NULL,116),(83,39,NULL,123),(83,41,NULL,142),(83,43,NULL,150),(83,46,NULL,162),(83,47,NULL,169),(83,48,NULL,172),(83,53,NULL,183),(83,54,NULL,189),(83,55,NULL,193),(83,59,NULL,198),(83,62,3,NULL),(83,63,4,NULL),(83,64,3,NULL),(83,65,2,NULL),(83,66,2,NULL),(83,67,3,NULL),(83,68,2,NULL),(83,69,3,NULL),(83,70,1,NULL),(83,71,3,NULL),(83,72,1,NULL),(83,73,3,NULL),(83,74,2,NULL),(84,18,NULL,37),(84,19,NULL,44),(84,20,NULL,47),(84,21,NULL,50),(84,22,NULL,56),(84,23,NULL,59),(84,24,NULL,62),(84,25,NULL,66),(84,26,NULL,67),(84,27,NULL,70),(84,28,NULL,76),(84,30,NULL,85),(84,31,NULL,90),(84,32,NULL,91),(84,33,NULL,97),(84,35,NULL,104),(84,36,NULL,107),(84,38,NULL,121),(84,39,NULL,127),(84,41,NULL,142),(84,42,NULL,145),(84,43,NULL,150),(84,46,NULL,162),(84,47,NULL,169),(84,48,NULL,172),(84,53,NULL,183),(84,54,NULL,189),(84,55,NULL,193),(84,59,NULL,198),(84,62,3,NULL),(84,63,2,NULL),(84,64,3,NULL),(84,65,3,NULL),(84,66,1,NULL),(84,67,3,NULL),(84,68,2,NULL),(84,69,2,NULL),(84,70,1,NULL),(84,71,2,NULL),(84,72,2,NULL),(84,73,2,NULL),(84,74,2,NULL),(85,18,NULL,37),(85,19,NULL,43),(85,20,NULL,47),(85,21,NULL,51),(85,22,NULL,56),(85,23,NULL,59),(85,24,NULL,62),(85,25,NULL,64),(85,26,NULL,67),(85,27,NULL,70),(85,28,NULL,76),(85,30,NULL,85),(85,31,NULL,90),(85,32,NULL,91),(85,33,NULL,97),(85,35,NULL,105),(85,36,NULL,107),(85,38,NULL,116),(85,39,NULL,123),(85,41,NULL,142),(85,43,NULL,150),(85,46,NULL,162),(85,47,NULL,169),(85,48,NULL,172),(85,53,NULL,183),(85,54,NULL,189),(85,55,NULL,193),(85,59,NULL,198),(85,62,2,NULL),(85,63,3,NULL),(85,64,3,NULL),(85,65,2,NULL),(85,66,2,NULL),(85,67,3,NULL),(85,68,2,NULL),(85,69,3,NULL),(85,70,1,NULL),(85,71,2,NULL),(85,72,2,NULL),(85,73,2,NULL),(85,74,1.8,NULL),(85,75,2,NULL),(86,18,NULL,37),(86,19,NULL,43),(86,20,NULL,47),(86,21,NULL,50),(86,22,NULL,56),(86,23,NULL,59),(86,24,NULL,62),(86,25,NULL,65),(86,26,NULL,67),(86,27,NULL,70),(86,28,NULL,76),(86,30,NULL,85),(86,31,NULL,90),(86,32,NULL,91),(86,33,NULL,97),(86,35,NULL,104),(86,36,NULL,107),(86,38,NULL,121),(86,39,NULL,127),(86,40,NULL,131),(86,41,NULL,142),(86,42,NULL,145),(86,43,NULL,150),(86,46,NULL,162),(86,47,NULL,169),(86,48,NULL,172),(86,50,NULL,179),(86,53,NULL,183),(86,59,NULL,198),(86,62,2,NULL),(86,63,3,NULL),(86,64,1,NULL),(86,65,2,NULL),(86,66,1,NULL),(86,67,2,NULL),(86,68,2,NULL),(86,69,2,NULL),(86,70,2,NULL),(86,71,1,NULL),(86,72,3,NULL),(86,73,2,NULL),(86,74,2,NULL),(86,75,1,NULL),(87,18,NULL,37),(87,19,NULL,43),(87,20,NULL,47),(87,21,NULL,50),(87,22,NULL,56),(87,23,NULL,59),(87,24,NULL,62),(87,25,NULL,64),(87,26,NULL,67),(87,27,NULL,70),(87,28,NULL,76),(87,30,NULL,85),(87,31,NULL,90),(87,32,NULL,91),(87,33,NULL,97),(87,35,NULL,104),(87,36,NULL,107),(87,38,NULL,116),(87,39,NULL,123),(87,40,NULL,130),(87,41,NULL,142),(87,42,NULL,145),(87,43,NULL,150),(87,44,NULL,154),(87,45,NULL,159),(87,46,NULL,162),(87,47,NULL,169),(87,53,NULL,185),(87,59,NULL,198),(87,62,1,NULL),(87,63,3,NULL),(87,64,2,NULL),(87,65,2,NULL),(87,66,2,NULL),(87,67,2,NULL),(87,68,2,NULL),(87,69,1,NULL),(87,70,1,NULL),(87,71,1,NULL),(87,72,1,NULL),(87,73,2,NULL),(87,74,1.6,NULL),(87,75,1,NULL),(88,18,NULL,37),(88,20,NULL,48),(88,21,NULL,50),(88,22,NULL,56),(88,23,NULL,59),(88,24,NULL,62),(88,25,NULL,64),(88,26,NULL,67),(88,27,NULL,70),(88,28,NULL,76),(88,30,NULL,85),(88,31,NULL,90),(88,32,NULL,91),(88,33,NULL,97),(88,35,NULL,104),(88,36,NULL,107),(88,38,NULL,116),(88,39,NULL,123),(88,41,NULL,142),(88,43,NULL,150),(88,53,NULL,183),(88,54,NULL,188),(88,55,NULL,193),(88,59,NULL,198),(88,62,2,NULL),(88,63,2,NULL),(88,64,1,NULL),(88,65,2,NULL),(88,66,1,NULL),(88,67,2,NULL),(88,68,2,NULL),(88,69,0,NULL),(88,70,0,NULL),(88,71,0,NULL),(88,72,0,NULL),(88,73,0,NULL),(88,75,1,NULL),(89,18,NULL,37),(89,19,NULL,44),(89,20,NULL,47),(89,21,NULL,51),(89,22,NULL,56),(89,23,NULL,59),(89,24,NULL,62),(89,25,NULL,66),(89,26,NULL,67),(89,27,NULL,70),(89,28,NULL,76),(89,29,NULL,79),(89,30,NULL,85),(89,31,NULL,90),(89,32,NULL,91),(89,33,NULL,97),(89,35,NULL,104),(89,36,NULL,107),(89,38,NULL,121),(89,39,NULL,127),(89,40,NULL,129),(89,41,NULL,142),(89,42,NULL,145),(89,43,NULL,150),(89,44,NULL,154),(89,45,NULL,159),(89,46,NULL,162),(89,47,NULL,169),(89,48,NULL,172),(89,53,NULL,183),(89,54,NULL,188),(89,55,NULL,193),(89,59,NULL,198),(89,62,2,NULL),(89,63,3,NULL),(89,64,2,NULL),(89,65,2,NULL),(89,66,1,NULL),(89,67,3,NULL),(89,68,2,NULL),(89,69,1,NULL),(89,70,1,NULL),(89,71,3,NULL),(89,72,1,NULL),(89,73,3,NULL),(89,74,1.8,NULL),(90,18,NULL,39),(90,19,NULL,45),(90,20,NULL,47),(90,21,NULL,51),(90,22,NULL,55),(90,23,NULL,58),(90,24,NULL,62),(90,25,NULL,65),(90,26,NULL,68),(90,27,NULL,70),(90,28,NULL,77),(90,29,NULL,79),(90,30,NULL,84),(90,31,NULL,90),(90,33,NULL,97),(90,35,NULL,104),(90,36,NULL,107),(90,38,NULL,117),(90,39,NULL,124),(90,41,NULL,142),(90,43,NULL,150),(90,46,NULL,162),(90,47,NULL,169),(90,48,NULL,172),(90,53,NULL,183),(90,54,NULL,189),(90,55,NULL,193),(90,59,NULL,198),(90,62,3,NULL),(90,63,3,NULL),(90,64,3,NULL),(90,65,2,NULL),(90,66,1,NULL),(90,67,4,NULL),(90,68,2,NULL),(90,69,2,NULL),(90,70,2,NULL),(90,71,2,NULL),(90,72,3,NULL),(90,73,2,NULL),(90,74,1.9,NULL),(91,18,NULL,37),(91,19,NULL,43),(91,20,NULL,47),(91,21,NULL,51),(91,22,NULL,56),(91,23,NULL,59),(91,24,NULL,62),(91,25,NULL,65),(91,26,NULL,68),(91,27,NULL,70),(91,28,NULL,75),(91,30,NULL,85),(91,31,NULL,89),(91,33,NULL,97),(91,35,NULL,104),(91,36,NULL,107),(91,38,NULL,121),(91,39,NULL,127),(91,41,NULL,142),(91,43,NULL,150),(91,44,NULL,154),(91,45,NULL,159),(91,46,NULL,162),(91,47,NULL,169),(91,48,NULL,172),(91,50,NULL,179),(91,53,NULL,183),(91,54,NULL,189),(91,59,NULL,198),(91,62,2,NULL),(91,63,2,NULL),(91,64,3,NULL),(91,65,3,NULL),(91,66,1,NULL),(91,67,2,NULL),(91,68,2,NULL),(91,69,2,NULL),(91,70,2,NULL),(91,71,2,NULL),(91,72,2,NULL),(91,73,2,NULL),(91,74,1.8,NULL),(92,18,NULL,37),(92,19,NULL,44),(92,20,NULL,47),(92,21,NULL,51),(92,22,NULL,56),(92,23,NULL,59),(92,24,NULL,62),(92,25,NULL,66),(92,26,NULL,67),(92,27,NULL,70),(92,28,NULL,76),(92,30,NULL,85),(92,31,NULL,90),(92,32,NULL,91),(92,33,NULL,97),(92,35,NULL,104),(92,36,NULL,107),(92,38,NULL,121),(92,39,NULL,127),(92,40,NULL,131),(92,41,NULL,142),(92,43,NULL,150),(92,46,NULL,162),(92,47,NULL,169),(92,48,NULL,172),(92,53,NULL,183),(92,59,NULL,198),(92,62,3,NULL),(92,63,2,NULL),(92,64,2,NULL),(92,65,2,NULL),(92,66,1,NULL),(92,67,2,NULL),(92,68,2,NULL),(92,69,2,NULL),(92,70,2,NULL),(92,71,2,NULL),(92,72,2,NULL),(92,73,2,NULL),(92,74,2,NULL),(92,75,2,NULL),(93,18,NULL,37),(93,19,NULL,43),(93,20,NULL,47),(93,21,NULL,51),(93,22,NULL,56),(93,23,NULL,59),(93,24,NULL,62),(93,25,NULL,64),(93,26,NULL,67),(93,27,NULL,70),(93,28,NULL,76),(93,30,NULL,85),(93,31,NULL,90),(93,32,NULL,91),(93,33,NULL,97),(93,35,NULL,104),(93,36,NULL,107),(93,38,NULL,116),(93,39,NULL,123),(93,40,NULL,138),(93,41,NULL,142),(93,42,NULL,145),(93,43,NULL,150),(93,46,NULL,166),(93,48,NULL,172),(93,50,NULL,179),(93,53,NULL,183),(93,54,NULL,189),(93,59,NULL,198),(93,62,3,NULL),(93,63,3,NULL),(93,64,2,NULL),(93,65,3,NULL),(93,66,2,NULL),(93,67,2,NULL),(93,68,2,NULL),(93,69,2,NULL),(93,70,1,NULL),(93,71,2,NULL),(93,72,1,NULL),(93,73,2,NULL),(93,74,2,NULL),(94,18,NULL,37),(94,19,NULL,44),(94,20,NULL,47),(94,21,NULL,51),(94,22,NULL,55),(94,23,NULL,59),(94,24,NULL,62),(94,25,NULL,66),(94,26,NULL,67),(94,27,NULL,70),(94,28,NULL,76),(94,30,NULL,85),(94,31,NULL,90),(94,32,NULL,91),(94,33,NULL,97),(94,35,NULL,104),(94,36,NULL,107),(94,38,NULL,118),(94,39,NULL,127),(94,41,NULL,142),(94,42,NULL,145),(94,43,NULL,150),(94,46,NULL,166),(94,47,NULL,169),(94,48,NULL,172),(94,53,NULL,183),(94,59,NULL,198),(94,62,2,NULL),(94,63,4,NULL),(94,64,2,NULL),(94,65,3,NULL),(94,66,1,NULL),(94,67,3,NULL),(94,68,2,NULL),(94,69,1,NULL),(94,70,2,NULL),(94,71,2,NULL),(94,72,1,NULL),(94,73,2,NULL),(94,74,1.5,NULL),(94,75,1,NULL),(95,18,NULL,38),(95,19,NULL,44),(95,20,NULL,47),(95,22,NULL,55),(95,23,NULL,58),(95,24,NULL,62),(95,25,NULL,65),(95,26,NULL,68),(95,27,NULL,70),(95,28,NULL,77),(95,29,NULL,79),(95,30,NULL,85),(95,31,NULL,89),(95,33,NULL,97),(95,35,NULL,104),(95,36,NULL,107),(95,38,NULL,118),(95,39,NULL,124),(95,40,NULL,129),(95,41,NULL,142),(95,43,NULL,151),(95,46,NULL,162),(95,54,NULL,189),(95,55,NULL,193),(95,59,NULL,198),(95,62,1,NULL),(95,63,3,NULL),(95,64,2,NULL),(95,65,2,NULL),(95,66,1,NULL),(95,67,2,NULL),(95,68,3,NULL),(95,69,1,NULL),(95,70,2,NULL),(95,71,2,NULL),(95,72,2,NULL),(95,73,2,NULL),(95,74,1.7,NULL),(95,75,1,NULL),(96,18,NULL,37),(96,19,NULL,44),(96,20,NULL,47),(96,21,NULL,51),(96,22,NULL,56),(96,23,NULL,59),(96,24,NULL,62),(96,25,NULL,66),(96,26,NULL,67),(96,27,NULL,70),(96,28,NULL,76),(96,29,NULL,80),(96,30,NULL,85),(96,31,NULL,90),(96,32,NULL,91),(96,33,NULL,97),(96,35,NULL,104),(96,36,NULL,107),(96,38,NULL,121),(96,39,NULL,127),(96,41,NULL,142),(96,43,NULL,149),(96,44,NULL,154),(96,45,NULL,159),(96,46,NULL,162),(96,47,NULL,169),(96,48,NULL,172),(96,53,NULL,183),(96,59,NULL,198),(96,62,2,NULL),(96,63,4,NULL),(96,64,4,NULL),(96,65,3,NULL),(96,66,1,NULL),(96,67,4,NULL),(96,68,2,NULL),(96,69,2,NULL),(96,70,1,NULL),(96,71,2,NULL),(96,72,1,NULL),(96,73,3,NULL),(96,74,1.5,NULL),(96,75,1,NULL),(97,18,NULL,37),(97,19,NULL,43),(97,20,NULL,47),(97,22,NULL,56),(97,23,NULL,58),(97,24,NULL,62),(97,25,NULL,64),(97,26,NULL,67),(97,27,NULL,70),(97,28,NULL,75),(97,30,NULL,85),(97,31,NULL,89),(97,33,NULL,97),(97,35,NULL,104),(97,36,NULL,107),(97,38,NULL,117),(97,39,NULL,123),(97,40,NULL,131),(97,41,NULL,142),(97,43,NULL,151),(97,46,NULL,166),(97,47,NULL,169),(97,48,NULL,172),(97,53,NULL,183),(97,54,NULL,189),(97,59,NULL,198),(97,62,2,NULL),(97,63,3,NULL),(97,64,2,NULL),(97,65,4,NULL),(97,66,1,NULL),(97,67,2,NULL),(97,68,2,NULL),(97,69,0,NULL),(97,70,2,NULL),(97,71,3,NULL),(97,72,2,NULL),(97,73,3,NULL),(97,74,2,NULL),(98,18,NULL,38),(98,19,NULL,43),(98,20,NULL,47),(98,22,NULL,55),(98,23,NULL,59),(98,24,NULL,62),(98,25,NULL,64),(98,26,NULL,67),(98,27,NULL,70),(98,28,NULL,76),(98,30,NULL,85),(98,31,NULL,89),(98,33,NULL,97),(98,35,NULL,104),(98,36,NULL,107),(98,38,NULL,116),(98,39,NULL,123),(98,40,NULL,130),(98,41,NULL,142),(98,42,NULL,145),(98,43,NULL,150),(98,46,NULL,162),(98,53,NULL,183),(98,54,NULL,189),(98,55,NULL,193),(98,59,NULL,198),(98,62,2,NULL),(98,63,3,NULL),(98,64,3,NULL),(98,65,2,NULL),(98,66,1,NULL),(98,67,3,NULL),(98,68,3,NULL),(98,69,3,NULL),(98,70,2,NULL),(98,71,2,NULL),(98,72,2,NULL),(98,73,2,NULL),(98,74,2,NULL),(98,75,2,NULL),(99,18,NULL,37),(99,19,NULL,44),(99,20,NULL,47),(99,21,NULL,51),(99,22,NULL,56),(99,23,NULL,59),(99,24,NULL,62),(99,25,NULL,66),(99,26,NULL,67),(99,27,NULL,70),(99,28,NULL,76),(99,30,NULL,85),(99,31,NULL,90),(99,32,NULL,91),(99,33,NULL,97),(99,35,NULL,104),(99,36,NULL,107),(99,38,NULL,121),(99,39,NULL,127),(99,40,NULL,131),(99,41,NULL,142),(99,42,NULL,145),(99,43,NULL,150),(99,46,NULL,162),(99,47,NULL,170),(99,48,NULL,173),(99,53,NULL,183),(99,59,NULL,198),(99,62,3,NULL),(99,63,4,NULL),(99,64,2,NULL),(99,65,2,NULL),(99,66,1,NULL),(99,67,3,NULL),(99,68,3,NULL),(99,69,2,NULL),(99,70,2,NULL),(99,71,3,NULL),(99,72,2,NULL),(99,73,0,NULL),(99,74,2,NULL),(99,75,4,NULL),(100,18,NULL,37),(100,19,NULL,43),(100,20,NULL,47),(100,21,NULL,51),(100,22,NULL,56),(100,23,NULL,59),(100,24,NULL,62),(100,25,NULL,64),(100,26,NULL,67),(100,27,NULL,70),(100,28,NULL,76),(100,30,NULL,85),(100,31,NULL,89),(100,33,NULL,97),(100,35,NULL,104),(100,36,NULL,107),(100,38,NULL,116),(100,39,NULL,123),(100,40,NULL,129),(100,41,NULL,142),(100,43,NULL,151),(100,46,NULL,162),(100,47,NULL,169),(100,48,NULL,172),(100,50,NULL,179),(100,53,NULL,183),(100,59,NULL,198),(100,62,2,NULL),(100,63,3,NULL),(100,64,3,NULL),(100,65,2,NULL),(100,66,2,NULL),(100,67,2,NULL),(100,68,3,NULL),(100,69,3,NULL),(100,70,2,NULL),(100,71,1,NULL),(100,72,2,NULL),(100,73,2,NULL),(100,74,2,NULL),(100,75,2,NULL),(101,18,NULL,37),(101,19,NULL,44),(101,20,NULL,47),(101,22,NULL,55),(101,23,NULL,59),(101,24,NULL,62),(101,25,NULL,65),(101,26,NULL,67),(101,27,NULL,70),(101,28,NULL,77),(101,29,NULL,79),(101,30,NULL,85),(101,31,NULL,90),(101,33,NULL,97),(101,35,NULL,104),(101,36,NULL,107),(101,38,NULL,121),(101,39,NULL,127),(101,41,NULL,142),(101,43,NULL,150),(101,44,NULL,154),(101,45,NULL,159),(101,46,NULL,162),(101,47,NULL,169),(101,48,NULL,172),(101,49,NULL,176),(101,53,NULL,183),(101,54,NULL,189),(101,55,NULL,193),(101,59,NULL,198),(101,62,3,NULL),(101,63,3,NULL),(101,64,3,NULL),(101,65,2,NULL),(101,66,1,NULL),(101,67,3,NULL),(101,68,2,NULL),(101,69,3,NULL),(101,70,2,NULL),(101,71,2,NULL),(101,72,2,NULL),(101,73,2,NULL),(101,74,2,NULL),(101,75,1,NULL),(102,18,NULL,38),(102,19,NULL,43),(102,20,NULL,47),(102,22,NULL,56),(102,23,NULL,58),(102,24,NULL,62),(102,25,NULL,64),(102,26,NULL,67),(102,27,NULL,70),(102,28,NULL,75),(102,30,NULL,85),(102,31,NULL,90),(102,33,NULL,97),(102,35,NULL,104),(102,36,NULL,107),(102,38,NULL,116),(102,39,NULL,123),(102,40,NULL,129),(102,41,NULL,142),(102,43,NULL,150),(102,44,NULL,154),(102,45,NULL,159),(102,46,NULL,162),(102,47,NULL,169),(102,48,NULL,173),(102,49,NULL,176),(102,50,NULL,179),(102,53,NULL,183),(102,54,NULL,189),(102,59,NULL,198),(102,62,4,NULL),(102,63,3,NULL),(102,64,2,NULL),(102,65,2,NULL),(102,66,2,NULL),(102,67,3,NULL),(102,68,3,NULL),(102,69,3,NULL),(102,70,2,NULL),(102,71,2,NULL),(102,72,4,NULL),(102,73,2,NULL),(102,74,2,NULL),(102,75,3,NULL),(103,18,NULL,38),(103,19,NULL,43),(103,20,NULL,47),(103,22,NULL,56),(103,23,NULL,58),(103,24,NULL,62),(103,25,NULL,64),(103,26,NULL,67),(103,27,NULL,70),(103,28,NULL,75),(103,30,NULL,86),(103,31,NULL,90),(103,32,NULL,91),(103,33,NULL,97),(103,35,NULL,104),(103,36,NULL,107),(103,38,NULL,116),(103,39,NULL,123),(103,40,NULL,130),(103,41,NULL,140),(103,42,NULL,146),(103,43,NULL,150),(103,44,NULL,154),(103,45,NULL,159),(103,53,NULL,183),(103,54,NULL,189),(103,59,NULL,198),(103,62,4,NULL),(103,63,3,NULL),(103,64,3,NULL),(103,65,4,NULL),(103,66,1,NULL),(103,67,3,NULL),(103,68,2,NULL),(103,69,3,NULL),(103,70,2,NULL),(103,71,2,NULL),(103,72,0,NULL),(103,73,0,NULL),(104,18,NULL,37),(104,19,NULL,43),(104,20,NULL,47),(104,21,NULL,51),(104,22,NULL,55),(104,23,NULL,59),(104,24,NULL,62),(104,25,NULL,64),(104,26,NULL,67),(104,27,NULL,70),(104,28,NULL,76),(104,30,NULL,85),(104,31,NULL,90),(104,32,NULL,91),(104,33,NULL,97),(104,35,NULL,104),(104,36,NULL,107),(104,38,NULL,116),(104,39,NULL,123),(104,40,NULL,130),(104,41,NULL,142),(104,42,NULL,145),(104,43,NULL,150),(104,46,NULL,162),(104,47,NULL,169),(104,53,NULL,183),(104,59,NULL,198),(104,62,3,NULL),(104,63,3,NULL),(104,64,3,NULL),(104,65,2,NULL),(104,66,1,NULL),(104,67,3,NULL),(104,68,3,NULL),(104,69,2,NULL),(104,70,2,NULL),(104,71,3,NULL),(104,72,2,NULL),(104,73,3,NULL),(104,74,2,NULL),(104,75,2,NULL),(105,18,NULL,37),(105,19,NULL,43),(105,20,NULL,47),(105,21,NULL,51),(105,22,NULL,55),(105,23,NULL,59),(105,24,NULL,62),(105,25,NULL,64),(105,26,NULL,67),(105,27,NULL,70),(105,28,NULL,76),(105,30,NULL,85),(105,31,NULL,89),(105,32,NULL,91),(105,33,NULL,97),(105,35,NULL,104),(105,36,NULL,107),(105,38,NULL,116),(105,39,NULL,123),(105,40,NULL,129),(105,41,NULL,142),(105,42,NULL,145),(105,43,NULL,150),(105,47,NULL,169),(105,50,NULL,179),(105,53,NULL,183),(105,59,NULL,198),(105,62,2,NULL),(105,63,2,NULL),(105,64,2,NULL),(105,65,2,NULL),(105,66,2,NULL),(105,67,2,NULL),(105,68,3,NULL),(105,69,3,NULL),(105,70,2,NULL),(105,71,2,NULL),(105,72,3,NULL),(105,73,2,NULL),(105,74,2,NULL),(106,18,NULL,37),(106,19,NULL,43),(106,20,NULL,47),(106,22,NULL,55),(106,23,NULL,59),(106,24,NULL,62),(106,25,NULL,64),(106,26,NULL,67),(106,27,NULL,70),(106,28,NULL,75),(106,30,NULL,84),(106,31,NULL,90),(106,32,NULL,93),(106,33,NULL,97),(106,35,NULL,104),(106,36,NULL,107),(106,38,NULL,116),(106,39,NULL,123),(106,41,NULL,142),(106,42,NULL,145),(106,43,NULL,150),(106,44,NULL,154),(106,45,NULL,159),(106,53,NULL,183),(106,59,NULL,198),(106,62,2,NULL),(106,63,2,NULL),(106,64,2,NULL),(106,65,3,NULL),(106,66,2,NULL),(106,67,2,NULL),(106,68,3,NULL),(106,69,0,NULL),(106,70,0,NULL),(106,71,0,NULL),(106,72,0,NULL),(106,73,0,NULL),(107,18,NULL,40),(107,19,NULL,45),(107,20,NULL,47),(107,22,NULL,55),(107,23,NULL,59),(107,24,NULL,62),(107,25,NULL,66),(107,26,NULL,67),(107,27,NULL,70),(107,28,NULL,75),(107,29,NULL,80),(107,30,NULL,85),(107,31,NULL,90),(107,32,NULL,91),(107,33,NULL,97),(107,35,NULL,104),(107,36,NULL,107),(107,38,NULL,121),(107,39,NULL,127),(107,41,NULL,139),(107,42,NULL,145),(107,43,NULL,150),(107,53,NULL,183),(107,59,NULL,198),(107,62,3,NULL),(107,63,2,NULL),(107,64,2,NULL),(107,65,3,NULL),(107,66,1,NULL),(107,67,3,NULL),(107,68,3,NULL),(107,69,0,NULL),(107,70,0,NULL),(107,71,0,NULL),(107,72,0,NULL),(107,73,0,NULL),(108,18,NULL,37),(108,19,NULL,43),(108,20,NULL,47),(108,22,NULL,56),(108,23,NULL,59),(108,24,NULL,62),(108,25,NULL,64),(108,26,NULL,67),(108,27,NULL,70),(108,28,NULL,76),(108,30,NULL,84),(108,31,NULL,90),(108,32,NULL,93),(108,33,NULL,97),(108,35,NULL,104),(108,36,NULL,107),(108,38,NULL,116),(108,39,NULL,123),(108,40,NULL,129),(108,41,NULL,142),(108,42,NULL,145),(108,43,NULL,150),(108,53,NULL,183),(108,59,NULL,198),(108,62,2,NULL),(108,63,3,NULL),(108,64,3,NULL),(108,65,3,NULL),(108,66,2,NULL),(108,67,2,NULL),(108,68,2,NULL),(108,69,0,NULL),(108,70,0,NULL),(108,71,0,NULL),(108,72,0,NULL),(108,73,0,NULL),(109,18,NULL,37),(109,19,NULL,43),(109,20,NULL,48),(109,21,NULL,51),(109,22,NULL,55),(109,23,NULL,59),(109,24,NULL,62),(109,25,NULL,64),(109,26,NULL,67),(109,27,NULL,70),(109,28,NULL,76),(109,29,NULL,80),(109,30,NULL,85),(109,31,NULL,90),(109,32,NULL,91),(109,33,NULL,97),(109,35,NULL,104),(109,36,NULL,107),(109,38,NULL,116),(109,39,NULL,123),(109,41,NULL,142),(109,42,NULL,145),(109,43,NULL,150),(109,44,NULL,154),(109,45,NULL,159),(109,53,NULL,183),(109,59,NULL,198),(109,62,2,NULL),(109,63,3,NULL),(109,64,3,NULL),(109,65,2,NULL),(109,66,2,NULL),(109,67,2,NULL),(109,68,2,NULL),(109,69,0,NULL),(109,70,0,NULL),(109,71,0,NULL),(109,72,0,NULL),(109,73,0,NULL),(110,18,NULL,37),(110,19,NULL,43),(110,20,NULL,47),(110,21,NULL,51),(110,22,NULL,56),(110,23,NULL,59),(110,24,NULL,62),(110,25,NULL,64),(110,26,NULL,67),(110,27,NULL,70),(110,28,NULL,76),(110,29,NULL,79),(110,30,NULL,85),(110,31,NULL,90),(110,32,NULL,91),(110,33,NULL,97),(110,35,NULL,104),(110,36,NULL,107),(110,38,NULL,116),(110,39,NULL,123),(110,40,NULL,130),(110,41,NULL,142),(110,43,NULL,150),(110,46,NULL,162),(110,47,NULL,169),(110,48,NULL,172),(110,50,NULL,179),(110,53,NULL,183),(110,59,NULL,198),(110,62,2,NULL),(110,63,2,NULL),(110,64,2,NULL),(110,65,1,NULL),(110,66,2,NULL),(110,67,3,NULL),(110,68,2,NULL),(110,69,3,NULL),(110,70,2,NULL),(110,71,2,NULL),(110,72,2,NULL),(110,73,2,NULL),(110,74,1.7,NULL),(111,18,NULL,37),(111,19,NULL,43),(111,20,NULL,47),(111,22,NULL,56),(111,23,NULL,59),(111,24,NULL,62),(111,25,NULL,64),(111,26,NULL,67),(111,28,NULL,76),(111,29,NULL,80),(111,30,NULL,84),(111,31,NULL,90),(111,32,NULL,93),(111,33,NULL,97),(111,35,NULL,104),(111,36,NULL,107),(111,38,NULL,116),(111,39,NULL,123),(111,41,NULL,142),(111,43,NULL,150),(111,46,NULL,162),(111,47,NULL,169),(111,48,NULL,172),(111,53,NULL,183),(111,54,NULL,189),(111,59,NULL,198),(111,62,2,NULL),(111,63,3,NULL),(111,64,2,NULL),(111,65,4,NULL),(111,66,2,NULL),(111,67,3,NULL),(111,68,2,NULL),(111,69,3,NULL),(111,70,2,NULL),(111,71,2,NULL),(111,72,2,NULL),(111,73,3,NULL),(111,74,2,NULL),(111,75,1,NULL),(112,18,NULL,37),(112,19,NULL,43),(112,20,NULL,48),(112,21,NULL,51),(112,22,NULL,55),(112,23,NULL,59),(112,24,NULL,62),(112,25,NULL,64),(112,26,NULL,67),(112,27,NULL,70),(112,28,NULL,76),(112,30,NULL,85),(112,31,NULL,90),(112,32,NULL,91),(112,33,NULL,97),(112,35,NULL,104),(112,36,NULL,107),(112,38,NULL,121),(112,39,NULL,127),(112,40,NULL,129),(112,41,NULL,142),(112,43,NULL,150),(112,46,NULL,162),(112,47,NULL,169),(112,48,NULL,172),(112,53,NULL,183),(112,59,NULL,198),(112,62,1,NULL),(112,63,3,NULL),(112,64,3,NULL),(112,65,2,NULL),(112,66,2,NULL),(112,67,3,NULL),(112,68,2,NULL),(112,69,3,NULL),(112,70,1,NULL),(112,71,2,NULL),(112,72,1,NULL),(112,73,3,NULL),(112,74,2,NULL),(113,18,NULL,37),(113,19,NULL,43),(113,20,NULL,48),(113,22,NULL,55),(113,23,NULL,59),(113,24,NULL,62),(113,25,NULL,64),(113,26,NULL,67),(113,27,NULL,70),(113,28,NULL,75),(113,29,NULL,80),(113,30,NULL,85),(113,31,NULL,89),(113,33,NULL,97),(113,35,NULL,104),(113,36,NULL,107),(113,38,NULL,116),(113,39,NULL,123),(113,40,NULL,130),(113,41,NULL,142),(113,42,NULL,146),(113,43,NULL,150),(113,44,NULL,154),(113,45,NULL,159),(113,53,NULL,183),(113,54,NULL,189),(113,59,NULL,198),(113,62,1,NULL),(113,63,2,NULL),(113,64,2,NULL),(113,65,3,NULL),(113,66,2,NULL),(113,67,3,NULL),(113,68,2,NULL),(113,69,2,NULL),(113,70,1,NULL),(113,71,2,NULL),(113,72,0,NULL),(113,73,0,NULL),(114,18,NULL,37),(114,19,NULL,43),(114,20,NULL,47),(114,22,NULL,56),(114,23,NULL,59),(114,24,NULL,62),(114,25,NULL,64),(114,26,NULL,67),(114,27,NULL,70),(114,28,NULL,75),(114,30,NULL,85),(114,31,NULL,89),(114,33,NULL,97),(114,35,NULL,104),(114,36,NULL,107),(114,38,NULL,116),(114,39,NULL,123),(114,40,NULL,129),(114,41,NULL,142),(114,43,NULL,150),(114,44,NULL,154),(114,45,NULL,159),(114,46,NULL,162),(114,47,NULL,169),(114,48,NULL,172),(114,53,NULL,183),(114,54,NULL,189),(114,55,NULL,193),(114,59,NULL,198),(114,62,1,NULL),(114,63,3,NULL),(114,64,2,NULL),(114,65,3,NULL),(114,66,1,NULL),(114,67,3,NULL),(114,68,3,NULL),(114,69,2,NULL),(114,70,2,NULL),(114,71,2,NULL),(114,72,2,NULL),(114,73,2,NULL),(114,74,1.6,NULL),(114,75,1,NULL),(115,18,NULL,37),(115,19,NULL,43),(115,20,NULL,47),(115,22,NULL,55),(115,23,NULL,58),(115,24,NULL,62),(115,25,NULL,64),(115,26,NULL,67),(115,27,NULL,70),(115,28,NULL,75),(115,30,NULL,85),(115,31,NULL,89),(115,33,NULL,97),(115,34,NULL,98),(115,35,NULL,104),(115,36,NULL,107),(115,38,NULL,116),(115,39,NULL,123),(115,41,NULL,142),(115,43,NULL,150),(115,44,NULL,154),(115,45,NULL,159),(115,46,NULL,162),(115,47,NULL,169),(115,48,NULL,173),(115,50,NULL,179),(115,53,NULL,183),(115,59,NULL,198),(115,62,2,NULL),(115,63,2,NULL),(115,64,1,NULL),(115,65,3,NULL),(115,66,2,NULL),(115,67,2,NULL),(115,68,3,NULL),(115,69,2,NULL),(115,70,2,NULL),(115,71,2,NULL),(115,72,3,NULL),(115,73,2,NULL),(115,74,2,NULL),(115,75,2,NULL),(115,77,6.9,NULL),(116,18,NULL,37),(116,19,NULL,43),(116,20,NULL,47),(116,21,NULL,51),(116,22,NULL,56),(116,23,NULL,59),(116,24,NULL,62),(116,25,NULL,64),(116,26,NULL,67),(116,27,NULL,70),(116,28,NULL,76),(116,29,NULL,79),(116,30,NULL,85),(116,31,NULL,90),(116,32,NULL,91),(116,33,NULL,97),(116,35,NULL,104),(116,36,NULL,107),(116,38,NULL,116),(116,39,NULL,123),(116,40,NULL,129),(116,41,NULL,142),(116,42,NULL,145),(116,43,NULL,150),(116,46,NULL,162),(116,47,NULL,169),(116,48,NULL,172),(116,53,NULL,183),(116,54,NULL,189),(116,59,NULL,198),(116,62,3,NULL),(116,63,3,NULL),(116,64,4,NULL),(116,65,3,NULL),(116,66,2,NULL),(116,67,2,NULL),(116,68,2,NULL),(116,69,3,NULL),(116,70,2,NULL),(116,71,3,NULL),(116,72,2,NULL),(116,73,3,NULL),(116,74,2,NULL),(117,18,NULL,37),(117,19,NULL,43),(117,20,NULL,47),(117,22,NULL,55),(117,23,NULL,59),(117,24,NULL,62),(117,25,NULL,64),(117,26,NULL,67),(117,27,NULL,70),(117,28,NULL,76),(117,30,NULL,85),(117,31,NULL,90),(117,32,NULL,91),(117,33,NULL,97),(117,35,NULL,104),(117,36,NULL,107),(117,38,NULL,116),(117,39,NULL,123),(117,40,NULL,129),(117,41,NULL,142),(117,43,NULL,150),(117,46,NULL,162),(117,47,NULL,169),(117,48,NULL,172),(117,53,NULL,183),(117,54,NULL,189),(117,59,NULL,198),(117,62,2,NULL),(117,63,2,NULL),(117,64,2,NULL),(117,65,2,NULL),(117,66,1,NULL),(117,67,2,NULL),(117,68,2,NULL),(117,69,3,NULL),(117,70,2,NULL),(117,71,2,NULL),(117,72,1,NULL),(117,73,3,NULL),(117,74,2,NULL),(118,18,NULL,37),(118,19,NULL,43),(118,20,NULL,47),(118,21,NULL,50),(118,22,NULL,55),(118,23,NULL,59),(118,24,NULL,62),(118,25,NULL,64),(118,26,NULL,67),(118,28,NULL,76),(118,30,NULL,84),(118,31,NULL,90),(118,32,NULL,91),(118,33,NULL,97),(118,35,NULL,104),(118,36,NULL,107),(118,38,NULL,116),(118,39,NULL,123),(118,40,NULL,129),(118,41,NULL,142),(118,42,NULL,145),(118,43,NULL,150),(118,53,NULL,183),(118,54,NULL,189),(118,59,NULL,198),(118,62,1,NULL),(118,63,2,NULL),(118,64,2,NULL),(118,65,3,NULL),(118,66,1,NULL),(118,67,2,NULL),(118,68,2,NULL),(118,69,0,NULL),(118,70,0,NULL),(118,71,0,NULL),(118,72,0,NULL),(118,73,0,NULL),(118,75,1,NULL),(119,18,NULL,37),(119,19,NULL,43),(119,20,NULL,47),(119,21,NULL,51),(119,22,NULL,55),(119,23,NULL,59),(119,24,NULL,62),(119,25,NULL,64),(119,26,NULL,67),(119,27,NULL,70),(119,28,NULL,76),(119,29,NULL,79),(119,30,NULL,85),(119,31,NULL,90),(119,32,NULL,91),(119,33,NULL,97),(119,35,NULL,104),(119,36,NULL,107),(119,38,NULL,116),(119,39,NULL,123),(119,40,NULL,129),(119,41,NULL,142),(119,42,NULL,145),(119,43,NULL,150),(119,46,NULL,162),(119,47,NULL,169),(119,53,NULL,183),(119,59,NULL,198),(119,62,1,NULL),(119,63,3,NULL),(119,64,2,NULL),(119,65,2,NULL),(119,66,2,NULL),(119,67,3,NULL),(119,68,2,NULL),(119,69,2,NULL),(119,70,2,NULL),(119,71,2,NULL),(119,72,2,NULL),(119,73,3,NULL),(119,74,2,NULL),(120,18,NULL,38),(120,19,NULL,43),(120,20,NULL,47),(120,22,NULL,55),(120,23,NULL,59),(120,24,NULL,62),(120,25,NULL,64),(120,26,NULL,67),(120,27,NULL,70),(120,28,NULL,76),(120,29,NULL,79),(120,30,NULL,85),(120,31,NULL,89),(120,33,NULL,97),(120,35,NULL,104),(120,36,NULL,107),(120,38,NULL,116),(120,39,NULL,123),(120,41,NULL,142),(120,43,NULL,150),(120,44,NULL,154),(120,45,NULL,159),(120,46,NULL,162),(120,47,NULL,169),(120,48,NULL,172),(120,53,NULL,183),(120,59,NULL,198),(120,62,2,NULL),(120,63,2,NULL),(120,64,2,NULL),(120,65,2,NULL),(120,66,2,NULL),(120,67,3,NULL),(120,68,2,NULL),(120,69,2,NULL),(120,70,1,NULL),(120,71,2,NULL),(120,72,1,NULL),(120,73,3,NULL),(120,74,1.5,NULL),(120,75,1,NULL),(121,18,NULL,38),(121,19,NULL,43),(121,20,NULL,47),(121,22,NULL,56),(121,23,NULL,59),(121,24,NULL,62),(121,25,NULL,64),(121,26,NULL,67),(121,27,NULL,70),(121,28,NULL,75),(121,29,NULL,79),(121,30,NULL,85),(121,31,NULL,90),(121,33,NULL,97),(121,35,NULL,104),(121,36,NULL,107),(121,38,NULL,116),(121,39,NULL,123),(121,40,NULL,129),(121,41,NULL,142),(121,42,NULL,145),(121,43,NULL,150),(121,46,NULL,162),(121,53,NULL,183),(121,59,NULL,198),(121,62,2,NULL),(121,63,3,NULL),(121,64,2,NULL),(121,65,2,NULL),(121,66,1,NULL),(121,67,3,NULL),(121,68,2,NULL),(121,69,2,NULL),(121,70,2,NULL),(121,71,2,NULL),(121,72,3,NULL),(121,73,3,NULL),(121,74,2,NULL),(121,75,1,NULL),(122,18,NULL,37),(122,19,NULL,43),(122,20,NULL,47),(122,22,NULL,55),(122,23,NULL,58),(122,24,NULL,62),(122,25,NULL,64),(122,26,NULL,67),(122,27,NULL,70),(122,28,NULL,75),(122,30,NULL,85),(122,31,NULL,89),(122,33,NULL,97),(122,35,NULL,104),(122,36,NULL,107),(122,38,NULL,116),(122,39,NULL,123),(122,41,NULL,142),(122,43,NULL,150),(122,44,NULL,154),(122,45,NULL,159),(122,46,NULL,162),(122,47,NULL,169),(122,48,NULL,172),(122,53,NULL,183),(122,54,NULL,189),(122,59,NULL,198),(122,62,3,NULL),(122,63,2,NULL),(122,64,2,NULL),(122,65,3,NULL),(122,66,2,NULL),(122,67,2,NULL),(122,68,2,NULL),(122,69,3,NULL),(122,70,1,NULL),(122,71,3,NULL),(122,72,2,NULL),(122,73,3,NULL),(122,74,2,NULL),(123,18,NULL,37),(123,19,NULL,43),(123,20,NULL,48),(123,22,NULL,56),(123,23,NULL,59),(123,24,NULL,62),(123,25,NULL,64),(123,26,NULL,67),(123,27,NULL,70),(123,28,NULL,76),(123,30,NULL,84),(123,31,NULL,90),(123,32,NULL,93),(123,33,NULL,97),(123,34,NULL,98),(123,35,NULL,104),(123,36,NULL,108),(123,37,NULL,110),(123,38,NULL,116),(123,39,NULL,123),(123,41,NULL,142),(123,43,NULL,150),(123,46,NULL,162),(123,47,NULL,169),(123,48,NULL,172),(123,50,NULL,180),(123,54,NULL,189),(123,59,NULL,198),(123,62,2,NULL),(123,63,2,NULL),(123,64,3,NULL),(123,65,3,NULL),(123,66,1,NULL),(123,67,3,NULL),(123,68,2,NULL),(123,69,0,NULL),(123,70,1,NULL),(123,71,3,NULL),(123,72,1,NULL),(123,73,3,NULL),(123,74,1.5,NULL),(123,75,2,NULL),(124,18,NULL,37),(124,19,NULL,43),(124,20,NULL,48),(124,21,NULL,51),(124,22,NULL,56),(124,23,NULL,59),(124,24,NULL,62),(124,25,NULL,64),(124,26,NULL,67),(124,27,NULL,70),(124,28,NULL,76),(124,29,NULL,80),(124,30,NULL,85),(124,31,NULL,89),(124,33,NULL,97),(124,35,NULL,104),(124,36,NULL,107),(124,38,NULL,116),(124,39,NULL,123),(124,40,NULL,130),(124,41,NULL,142),(124,43,NULL,150),(124,46,NULL,162),(124,47,NULL,169),(124,48,NULL,172),(124,53,NULL,183),(124,54,NULL,189),(124,59,NULL,198),(124,62,2,NULL),(124,63,3,NULL),(124,64,2,NULL),(124,65,2,NULL),(124,66,2,NULL),(124,67,2,NULL),(124,68,2,NULL),(124,69,3,NULL),(124,70,1,NULL),(124,71,2,NULL),(124,72,2,NULL),(124,73,2,NULL),(124,74,1.8,NULL);
/*!40000 ALTER TABLE `properties_value` ENABLE KEYS */;
UNLOCK TABLES;

--
-- Table structure for table `sequelizemeta`
--

DROP TABLE IF EXISTS `sequelizemeta`;
/*!40101 SET @saved_cs_client     = @@character_set_client */;
/*!50503 SET character_set_client = utf8mb4 */;
CREATE TABLE `sequelizemeta` (
  `name` varchar(255) COLLATE utf8mb3_unicode_ci NOT NULL,
  PRIMARY KEY (`name`),
  UNIQUE KEY `name` (`name`)
) ENGINE=InnoDB DEFAULT CHARSET=utf8mb3 COLLATE=utf8mb3_unicode_ci;
/*!40101 SET character_set_client = @saved_cs_client */;

--
-- Dumping data for table `sequelizemeta`
--

LOCK TABLES `sequelizemeta` WRITE;
/*!40000 ALTER TABLE `sequelizemeta` DISABLE KEYS */;
/*!40000 ALTER TABLE `sequelizemeta` ENABLE KEYS */;
UNLOCK TABLES;

--
-- Table structure for table `species`
--

DROP TABLE IF EXISTS `species`;
/*!40101 SET @saved_cs_client     = @@character_set_client */;
/*!50503 SET character_set_client = utf8mb4 */;
CREATE TABLE `species` (
  `id` int NOT NULL AUTO_INCREMENT,
  `origin` varchar(100) DEFAULT NULL,
  `state` smallint DEFAULT NULL,
  `type_id` int DEFAULT NULL,
  PRIMARY KEY (`id`),
  KEY `type_id` (`type_id`),
  CONSTRAINT `species_ibfk_1` FOREIGN KEY (`type_id`) REFERENCES `plant_type` (`id`)
) ENGINE=InnoDB AUTO_INCREMENT=125 DEFAULT CHARSET=utf8mb4 COLLATE=utf8mb4_0900_ai_ci;
/*!40101 SET character_set_client = @saved_cs_client */;

--
-- Dumping data for table `species`
--

LOCK TABLES `species` WRITE;
/*!40000 ALTER TABLE `species` DISABLE KEYS */;
INSERT INTO `species` VALUES (1,'Nhật Bản',1,1),(2,'Nhật Bản',1,1),(3,'Nhật Bản',1,1),(4,'Nhật Bản',1,1),(5,'Nhật Bản',1,1),(6,'Nhật Bản',1,1),(7,'Nhật Bản',1,1),(8,'Nhật Bản',1,1),(9,'Nhật Bản',1,1),(10,'Nhật Bản',1,1),(11,'Nhật Bản',1,1),(12,'Nhật Bản',1,1),(13,'Nhật Bản',1,1),(14,'Nhật Bản',1,1),(15,'Nhật Bản',1,1),(16,'Nhật Bản',1,1),(17,'Nhật Bản',1,1),(18,'Nhật Bản',1,1),(19,'Nhật Bản',1,1),(20,'Nhật Bản',1,1),(21,'Nhật Bản',1,1),(22,'Nhật Bản',1,1),(25,'Chưa biết',1,2),(26,'chưa biết',1,2),(27,'chưa biết',1,2),(28,'chưa biết',1,2),(29,'chưa biết',1,2),(30,'chưa biết',1,2),(31,'chưa biết',1,2),(32,'chưa biết',1,2),(33,'chưa biết',1,2),(34,'chưa biết',1,2),(35,'chưa biết',1,2),(36,'chưa biết',1,2),(37,'chưa biết',1,2),(38,'chưa biết',1,2),(39,'chưa biết',1,2),(40,'chưa biết',1,2),(41,'chưa biết',1,2),(42,'chưa biết',1,2),(43,'chưa biết',1,2),(44,'chưa biết',1,2),(45,'chưa biết',1,2),(46,'chưa biết',1,2),(47,'chưa biết',1,2),(48,'chưa biết',1,2),(49,'chưa biết',1,2),(50,'chưa biết',1,2),(51,'chưa biết',1,2),(52,'chưa biết',1,2),(53,'chưa biết',1,2),(54,'chưa biết',1,2),(55,'chưa biết',1,2),(56,'chưa biết',1,2),(57,'chưa biết',1,2),(58,'chưa biết',1,2),(59,'chưa biết',1,2),(60,'chưa biết',1,2),(61,'chưa biết',1,2),(62,'chưa biết',1,2),(63,'chưa biết',1,2),(64,'chưa biết',1,2),(65,'chưa biết',1,2),(66,'chưa biết',1,2),(67,'chưa biết',1,2),(68,'chưa biết',1,2),(69,'chưa biết',1,2),(70,'chưa biết',1,2),(71,'chưa biết',1,2),(72,'chưa biết',1,2),(73,'chưa biết',1,2),(74,'chưa biết',1,2),(75,'chưa biết',1,2),(76,'chưa biết',1,2),(77,'chưa biết',1,2),(78,'chưa biết',1,2),(79,'chưa biết',1,2),(80,'chưa biết',1,2),(81,'chưa biết',1,2),(82,'chưa biết',1,2),(83,'chưa biết',1,2),(84,'chưa biết',1,2),(85,'chưa biết',1,2),(86,'chưa biết',1,2),(87,'chưa biết',1,2),(88,'chưa biết',1,2),(89,'chưa biết',1,2),(90,'chưa biết',1,2),(91,'chưa biết',1,2),(92,'chưa biết',1,2),(93,'chưa biết',1,2),(94,'chưa biết',1,2),(95,'chưa biết',1,2),(96,'chưa biết',1,2),(97,'chưa biết',1,2),(98,'chưa biết',1,2),(99,'chưa biết',1,2),(100,'chưa biết',1,2),(101,'chưa biết',1,2),(102,'chưa biết',1,2),(103,'chưa biết',1,2),(104,'chưa biết',1,2),(105,'chưa biết',1,2),(106,'chưa biết',1,2),(107,'chưa biết',1,2),(108,'chưa biết',1,2),(109,'chưa biết',1,2),(110,'chưa biết',1,2),(111,'chưa biết',1,2),(112,'chưa biết',1,2),(113,'chưa biết',1,2),(114,'chưa biết',1,2),(115,'chưa biết',1,2),(116,'chưa biết',1,2),(117,'chưa biết',1,2),(118,'chưa biết',1,2),(119,'chưa biết',1,2),(120,'chưa biết',1,2),(121,'chưa biết',1,2),(122,'chưa biết',1,2),(123,'chưa biết',1,2),(124,'chưa biết',1,2);
/*!40000 ALTER TABLE `species` ENABLE KEYS */;
UNLOCK TABLES;

--
-- Table structure for table `species_names`
--

DROP TABLE IF EXISTS `species_names`;
/*!40101 SET @saved_cs_client     = @@character_set_client */;
/*!50503 SET character_set_client = utf8mb4 */;
CREATE TABLE `species_names` (
  `id` int NOT NULL AUTO_INCREMENT,
  `species_id` int DEFAULT NULL,
  `name` varchar(100) DEFAULT NULL,
  `is_primary` tinyint(1) DEFAULT NULL,
  PRIMARY KEY (`id`),
  KEY `species_id` (`species_id`),
  CONSTRAINT `species_names_ibfk_1` FOREIGN KEY (`species_id`) REFERENCES `species` (`id`)
) ENGINE=InnoDB AUTO_INCREMENT=125 DEFAULT CHARSET=utf8mb4 COLLATE=utf8mb4_0900_ai_ci;
/*!40101 SET character_set_client = @saved_cs_client */;

--
-- Dumping data for table `species_names`
--

LOCK TABLES `species_names` WRITE;
/*!40000 ALTER TABLE `species_names` DISABLE KEYS */;
INSERT INTO `species_names` VALUES (1,1,'Iwahime',1),(2,2,'Yoshihime',1),(3,3,'Takihime',1),(4,4,'Wase edamame',1),(5,5,'Kurobeei',1),(6,6,'Wase edamame',1),(7,7,'Fusanari chamame',1),(8,8,'Chuse edamame',1),(9,9,'Yuusuzumi',1),(10,10,'Fuuki',1),(11,11,'Fukunari',1),(12,12,'Nouhime',1),(13,13,'Tanbaguro ootsubudaizu',1),(14,14,'Fukura',1),(15,15,'Yuagari musume',1),(16,16,'Natsunoyosooi',1),(17,17,'Okuharawase',1),(18,18,'Mikawashima',1),(19,19,'Natsunokoe',1),(20,20,'Otsunahime',1),(21,21,'Natsunoshirabe',1),(22,22,'Shironomai',1),(25,25,'Lúa 1',1),(26,26,'Lúa 2',1),(27,27,'Lúa 3',1),(28,28,'Lúa 4',1),(29,29,'Lúa 5',1),(30,30,'Lúa 6',1),(31,31,'Lúa 7',1),(32,32,'Lúa 8',1),(33,33,'Lúa 9',1),(34,34,'Lúa 10',1),(35,35,'Lúa 11',1),(36,36,'Lúa 12',1),(37,37,'Lúa 13',1),(38,38,'Lúa 14',1),(39,39,'Lúa 15',1),(40,40,'Lúa 16',1),(41,41,'Lúa 17',1),(42,42,'Lúa 18',1),(43,43,'Lúa 19',1),(44,44,'Lúa 20',1),(45,45,'Lúa 21',1),(46,46,'Lúa 22',1),(47,47,'Lúa 23',1),(48,48,'Lúa 24',1),(49,49,'Lúa 25',1),(50,50,'Lúa 26',1),(51,51,'Lúa 27',1),(52,52,'Lúa 28',1),(53,53,'Lúa 29',1),(54,54,'Lúa 30',1),(55,55,'Lúa 31',1),(56,56,'Lúa 32',1),(57,57,'Lúa 33',1),(58,58,'Lúa 34',1),(59,59,'Lúa 35',1),(60,60,'Lúa 36',1),(61,61,'Lúa 37',1),(62,62,'Lúa 38',1),(63,63,'Lúa 39',1),(64,64,'Lúa 40',1),(65,65,'Lúa 41',1),(66,66,'Lúa 42',1),(67,67,'Lúa 43',1),(68,68,'Lúa 44',1),(69,69,'Lúa 45',1),(70,70,'Lúa 46',1),(71,71,'Lúa 47',1),(72,72,'Lúa 48',1),(73,73,'Lúa 49',1),(74,74,'Lúa 50',1),(75,75,'Lúa 51',1),(76,76,'Lúa 52',1),(77,77,'Lúa 53',1),(78,78,'Lúa 54',1),(79,79,'Lúa 55',1),(80,80,'Lúa 56',1),(81,81,'Lúa 57',1),(82,82,'Lúa 58',1),(83,83,'Lúa 59',1),(84,84,'Lúa 60',1),(85,85,'Lúa 61',1),(86,86,'Lúa 62',1),(87,87,'Lúa 63',1),(88,88,'Lúa 64',1),(89,89,'Lúa 65',1),(90,90,'Lúa 66',1),(91,91,'Lúa 67',1),(92,92,'Lúa 68',1),(93,93,'Lúa 69',1),(94,94,'Lúa 70',1),(95,95,'Lúa 71',1),(96,96,'Lúa 72',1),(97,97,'Lúa 73',1),(98,98,'Lúa 74',1),(99,99,'Lúa 75',1),(100,100,'Lúa 76',1),(101,101,'Lúa 77',1),(102,102,'Lúa 78',1),(103,103,'Lúa 79',1),(104,104,'Lúa 80',1),(105,105,'Lúa 81',1),(106,106,'Lúa 82',1),(107,107,'Lúa 83',1),(108,108,'Lúa 84',1),(109,109,'Lúa 85',1),(110,110,'Lúa 86',1),(111,111,'Lúa 87',1),(112,112,'Lúa 88',1),(113,113,'Lúa 89',1),(114,114,'Lúa 90',1),(115,115,'Lúa 91',1),(116,116,'Lúa 92',1),(117,117,'Lúa 93',1),(118,118,'Lúa 94',1),(119,119,'Lúa 95',1),(120,120,'Lúa 96',1),(121,121,'Lúa 97',1),(122,122,'Lúa 98',1),(123,123,'Lúa 99',1),(124,124,'Lúa 100',1);
/*!40000 ALTER TABLE `species_names` ENABLE KEYS */;
UNLOCK TABLES;

--
-- Table structure for table `users`
--

DROP TABLE IF EXISTS `users`;
/*!40101 SET @saved_cs_client     = @@character_set_client */;
/*!50503 SET character_set_client = utf8mb4 */;
CREATE TABLE `users` (
  `id` int NOT NULL AUTO_INCREMENT,
  `username` varchar(32) DEFAULT NULL,
  `email` varchar(255) DEFAULT NULL,
  `password` varchar(255) DEFAULT NULL,
  `role` enum('admin','customer') DEFAULT 'customer',
  PRIMARY KEY (`id`),
  UNIQUE KEY `email` (`email`)
) ENGINE=InnoDB AUTO_INCREMENT=6 DEFAULT CHARSET=utf8mb4 COLLATE=utf8mb4_0900_ai_ci;
/*!40101 SET character_set_client = @saved_cs_client */;

--
-- Dumping data for table `users`
--

LOCK TABLES `users` WRITE;
/*!40000 ALTER TABLE `users` DISABLE KEYS */;
INSERT INTO `users` VALUES (1,'admin','admin@temp.com','$2b$10$04.qlr6HXJ/ioR4ZpeibsesEcO1j9Lfns7PT1NASC7zIrqEXcMXLe','admin'),(2,'user1','1@gmail.com','$2b$10$GEnDfhor6pVTYuvUZMHvweGifHiItTCsHTjp4f5/S10kBF/JgoudO','customer'),(3,'user2','2@gmail.com','$2b$10$eB2ZaCNMYSORaOz.5fwQi.MhY1YHhcFC697Hmnklx.rtW7N/9jJdO','customer'),(4,'user3','3@gmail.com','$2b$10$t6TVAXghNJYtspXLbtNNYei5RZqk3tM0vXBUVIu.d1Bzb0AZMTov6','customer'),(5,'user4','4@gmail.com','$2b$10$/caXYDI3J4WTtGBbZMFXnuMGl.M8WcH31HqGc19enEtFc62HZrZci','customer');
/*!40000 ALTER TABLE `users` ENABLE KEYS */;
UNLOCK TABLES;
/*!40103 SET TIME_ZONE=@OLD_TIME_ZONE */;

/*!40101 SET SQL_MODE=@OLD_SQL_MODE */;
/*!40014 SET FOREIGN_KEY_CHECKS=@OLD_FOREIGN_KEY_CHECKS */;
/*!40014 SET UNIQUE_CHECKS=@OLD_UNIQUE_CHECKS */;
/*!40101 SET CHARACTER_SET_CLIENT=@OLD_CHARACTER_SET_CLIENT */;
/*!40101 SET CHARACTER_SET_RESULTS=@OLD_CHARACTER_SET_RESULTS */;
/*!40101 SET COLLATION_CONNECTION=@OLD_COLLATION_CONNECTION */;
/*!40111 SET SQL_NOTES=@OLD_SQL_NOTES */;

-- Dump completed on 2025-12-10 13:36:47
